country,value,year,month
australia,96.4,2024,4
australia,96.17,2024,5
australia,96.52,2024,6
australia,96.77,2024,7
australia,96.49,2024,8
australia,96.54,2024,9
australia,96.32,2024,10
australia,96.68,2024,11
australia,97.31,2024,12
australia,97.58,2025,1
australia,97.67,2025,2
australia,97.96,2025,3
australia,98.68,2025,4
australia,98.2,2025,5
australia,98.34,2025,6
australia,99.63,2025,7
australia,99.55,2025,8
australia,100.0,2025,9
australia,99.99,2025,10
australia,100.01,2025,11
australia,100.97,2025,12
brazil,2550.36,2006,1
brazil,2560.82,2006,2
brazil,2571.83,2006,3
brazil,2577.23,2006,4
brazil,2579.81,2006,5
brazil,2574.39,2006,6
brazil,2579.28,2006,7
brazil,2580.57,2006,8
brazil,2585.99,2006,9
brazil,2594.52,2006,10
brazil,2602.56,2006,11
brazil,2615.05,2006,12
brazil,2626.56,2007,1
brazil,2638.12,2007,2
brazil,2647.88,2007,3
brazil,2654.5,2007,4
brazil,2661.93,2007,5
brazil,2669.38,2007,6
brazil,2675.79,2007,7
brazil,2688.37,2007,8
brazil,2693.21,2007,9
brazil,2701.29,2007,10
brazil,2711.55,2007,11
brazil,2731.62,2007,12
brazil,2746.37,2008,1
brazil,2759.83,2008,2
brazil,2773.08,2008,3
brazil,2788.33,2008,4
brazil,2810.36,2008,5
brazil,2831.16,2008,6
brazil,2846.16,2008,7
brazil,2854.13,2008,8
brazil,2861.55,2008,9
brazil,2874.43,2008,10
brazil,2884.78,2008,11
brazil,2892.86,2008,12
brazil,2906.74,2009,1
brazil,2922.73,2009,2
brazil,2928.57,2009,3
brazil,2942.63,2009,4
brazil,2956.46,2009,5
brazil,2967.1,2009,6
brazil,2974.22,2009,7
brazil,2978.68,2009,8
brazil,2985.83,2009,9
brazil,2994.19,2009,10
brazil,3006.47,2009,11
brazil,3017.59,2009,12
brazil,3040.22,2010,1
brazil,3063.93,2010,2
brazil,3079.86,2010,3
brazil,3097.42,2010,4
brazil,3110.74,2010,5
brazil,3110.74,2010,6
brazil,3111.05,2010,7
brazil,3112.29,2010,8
brazil,3126.29,2010,9
brazil,3149.74,2010,10
brazil,3175.88,2010,11
brazil,3195.89,2010,12
brazil,3222.42,2011,1
brazil,3248.2,2011,2
brazil,3273.86,2011,3
brazil,3299.07,2011,4
brazil,3314.58,2011,5
brazil,3319.55,2011,6
brazil,3324.86,2011,7
brazil,3337.16,2011,8
brazil,3354.85,2011,9
brazil,3369.28,2011,10
brazil,3386.8,2011,11
brazil,3403.73,2011,12
brazil,3422.79,2012,1
brazil,3438.19,2012,2
brazil,3445.41,2012,3
brazil,3467.46,2012,4
brazil,3479.94,2012,5
brazil,3482.72,2012,6
brazil,3497.7,2012,7
brazil,3512.04,2012,8
brazil,3532.06,2012,9
brazil,3552.9,2012,10
brazil,3574.22,2012,11
brazil,3602.46,2012,12
brazil,3633.44,2013,1
brazil,3655.24,2013,2
brazil,3672.42,2013,3
brazil,3692.62,2013,4
brazil,3706.28,2013,5
brazil,3715.92,2013,6
brazil,3717.03,2013,7
brazil,3725.95,2013,8
brazil,3738.99,2013,9
brazil,3760.3,2013,10
brazil,3780.61,2013,11
brazil,3815.39,2013,12
brazil,3836.37,2014,1
brazil,3862.84,2014,2
brazil,3898.38,2014,3
brazil,3924.5,2014,4
brazil,3942.55,2014,5
brazil,3958.32,2014,6
brazil,3958.72,2014,7
brazil,3968.62,2014,8
brazil,3991.24,2014,9
brazil,4008.0,2014,10
brazil,4028.44,2014,11
brazil,4059.86,2014,12
brazil,4110.2,2015,1
brazil,4160.34,2015,2
brazil,4215.26,2015,3
brazil,4245.19,2015,4
brazil,4276.6,2015,5
brazil,4310.39,2015,6
brazil,4337.11,2015,7
brazil,4346.65,2015,8
brazil,4370.12,2015,9
brazil,4405.95,2015,10
brazil,4450.45,2015,11
brazil,4493.17,2015,12
brazil,4550.23,2016,1
brazil,4591.18,2016,2
brazil,4610.92,2016,3
brazil,4639.05,2016,4
brazil,4675.23,2016,5
brazil,4691.59,2016,6
brazil,4715.99,2016,7
brazil,4736.74,2016,8
brazil,4740.53,2016,9
brazil,4752.86,2016,10
brazil,4761.42,2016,11
brazil,4775.7,2016,12
brazil,4793.85,2017,1
brazil,4809.67,2017,2
brazil,4821.69,2017,3
brazil,4828.44,2017,4
brazil,4843.41,2017,5
brazil,4832.27,2017,6
brazil,4843.87,2017,7
brazil,4853.07,2017,8
brazil,4860.83,2017,9
brazil,4881.25,2017,10
brazil,4894.92,2017,11
brazil,4916.46,2017,12
brazil,4930.72,2018,1
brazil,4946.5,2018,2
brazil,4950.95,2018,3
brazil,4961.84,2018,4
brazil,4981.69,2018,5
brazil,5044.46,2018,6
brazil,5061.11,2018,7
brazil,5056.56,2018,8
brazil,5080.83,2018,9
brazil,5103.69,2018,10
brazil,5092.97,2018,11
brazil,5100.61,2018,12
brazil,5116.93,2019,1
brazil,5138.93,2019,2
brazil,5177.47,2019,3
brazil,5206.98,2019,4
brazil,5213.75,2019,5
brazil,5214.27,2019,6
brazil,5224.18,2019,7
brazil,5229.93,2019,8
brazil,5227.84,2019,9
brazil,5233.07,2019,10
brazil,5259.76,2019,11
brazil,5320.25,2019,12
brazil,5331.42,2020,1
brazil,5344.75,2020,2
brazil,5348.49,2020,3
brazil,5331.91,2020,4
brazil,5311.65,2020,5
brazil,5325.46,2020,6
brazil,5344.63,2020,7
brazil,5357.46,2020,8
brazil,5391.75,2020,9
brazil,5438.12,2020,10
brazil,5486.52,2020,11
brazil,5560.59,2020,12
brazil,5574.49,2021,1
brazil,5622.43,2021,2
brazil,5674.72,2021,3
brazil,5692.31,2021,4
brazil,5739.56,2021,5
brazil,5769.98,2021,6
brazil,5825.37,2021,7
brazil,5876.05,2021,8
brazil,5944.21,2021,9
brazil,6018.51,2021,10
brazil,6075.69,2021,11
brazil,6120.04,2021,12
brazil,6153.09,2022,1
brazil,6215.24,2022,2
brazil,6315.93,2022,3
brazil,6382.88,2022,4
brazil,6412.88,2022,5
brazil,6455.85,2022,6
brazil,6411.95,2022,7
brazil,6388.87,2022,8
brazil,6370.34,2022,9
brazil,6407.93,2022,10
brazil,6434.2,2022,11
brazil,6474.09,2022,12
brazil,6508.4,2023,1
brazil,6563.07,2023,2
brazil,6609.67,2023,3
brazil,6649.99,2023,4
brazil,6665.28,2023,5
brazil,6659.95,2023,6
brazil,6667.94,2023,7
brazil,6683.28,2023,8
brazil,6700.66,2023,9
brazil,6716.74,2023,10
brazil,6735.55,2023,11
brazil,6773.27,2023,12
brazil,6801.72,2024,1
brazil,6858.17,2024,2
brazil,6869.14,2024,3
brazil,6895.24,2024,4
brazil,6926.96,2024,5
brazil,6941.51,2024,6
brazil,6967.89,2024,7
brazil,6966.5,2024,8
brazil,6997.15,2024,9
brazil,7036.33,2024,10
brazil,7063.77,2024,11
brazil,7100.5,2024,12
brazil,7111.86,2025,1
brazil,7205.03,2025,2
brazil,7245.38,2025,3
brazil,7276.54,2025,4
brazil,7295.46,2025,5
brazil,7312.97,2025,6
brazil,7331.98,2025,7
brazil,7323.91,2025,8
brazil,7359.06,2025,9
brazil,7365.68,2025,10
brazil,7378.94,2025,11
brazil,7403.29,2025,12
brazil,7427.72,2026,1
brazil,7479.71,2026,2
canada,108.2,2006,1
canada,108.0,2006,2
canada,108.6,2006,3
canada,109.2,2006,4
canada,109.7,2006,5
canada,109.5,2006,6
canada,109.6,2006,7
canada,109.8,2006,8
canada,109.2,2006,9
canada,109.0,2006,10
canada,109.2,2006,11
canada,109.4,2006,12
canada,109.4,2007,1
canada,110.2,2007,2
canada,111.1,2007,3
canada,111.6,2007,4
canada,112.1,2007,5
canada,111.9,2007,6
canada,112.0,2007,7
canada,111.7,2007,8
canada,111.9,2007,9
canada,111.6,2007,10
canada,111.9,2007,11
canada,112.0,2007,12
canada,111.8,2008,1
canada,112.2,2008,2
canada,112.6,2008,3
canada,113.5,2008,4
canada,114.6,2008,5
canada,115.4,2008,6
canada,115.8,2008,7
canada,115.6,2008,8
canada,115.7,2008,9
canada,114.5,2008,10
canada,114.1,2008,11
canada,113.3,2008,12
canada,113.0,2009,1
canada,113.8,2009,2
canada,114.0,2009,3
canada,113.9,2009,4
canada,114.7,2009,5
canada,115.1,2009,6
canada,114.7,2009,7
canada,114.7,2009,8
canada,114.7,2009,9
canada,114.6,2009,10
canada,115.2,2009,11
canada,114.8,2009,12
canada,115.1,2010,1
canada,115.6,2010,2
canada,115.6,2010,3
canada,116.0,2010,4
canada,116.3,2010,5
canada,116.2,2010,6
canada,116.8,2010,7
canada,116.7,2010,8
canada,116.9,2010,9
canada,117.4,2010,10
canada,117.5,2010,11
canada,117.5,2010,12
canada,117.8,2011,1
canada,118.1,2011,2
canada,119.4,2011,3
canada,119.8,2011,4
canada,120.6,2011,5
canada,119.8,2011,6
canada,120.0,2011,7
canada,120.3,2011,8
canada,120.6,2011,9
canada,120.8,2011,10
canada,120.9,2011,11
canada,120.2,2011,12
canada,120.7,2012,1
canada,121.2,2012,2
canada,121.7,2012,3
canada,122.2,2012,4
canada,122.1,2012,5
canada,121.6,2012,6
canada,121.5,2012,7
canada,121.8,2012,8
canada,122.0,2012,9
canada,122.2,2012,10
canada,121.9,2012,11
canada,121.2,2012,12
canada,121.3,2013,1
canada,122.7,2013,2
canada,122.9,2013,3
canada,122.7,2013,4
canada,123.0,2013,5
canada,123.0,2013,6
canada,123.1,2013,7
canada,123.1,2013,8
canada,123.3,2013,9
canada,123.0,2013,10
canada,123.0,2013,11
canada,122.7,2013,12
canada,123.1,2014,1
canada,124.1,2014,2
canada,124.8,2014,3
canada,125.2,2014,4
canada,125.8,2014,5
canada,125.9,2014,6
canada,125.7,2014,7
canada,125.7,2014,8
canada,125.8,2014,9
canada,125.9,2014,10
canada,125.4,2014,11
canada,124.5,2014,12
canada,124.3,2015,1
canada,125.4,2015,2
canada,126.3,2015,3
canada,126.2,2015,4
canada,126.9,2015,5
canada,127.2,2015,6
canada,127.3,2015,7
canada,127.3,2015,8
canada,127.1,2015,9
canada,127.2,2015,10
canada,127.1,2015,11
canada,126.5,2015,12
canada,126.8,2016,1
canada,127.1,2016,2
canada,127.9,2016,3
canada,128.3,2016,4
canada,128.8,2016,5
canada,129.1,2016,6
canada,128.9,2016,7
canada,128.7,2016,8
canada,128.8,2016,9
canada,129.1,2016,10
canada,128.6,2016,11
canada,128.4,2016,12
canada,129.5,2017,1
canada,129.7,2017,2
canada,129.9,2017,3
canada,130.4,2017,4
canada,130.5,2017,5
canada,130.4,2017,6
canada,130.4,2017,7
canada,130.5,2017,8
canada,130.8,2017,9
canada,130.9,2017,10
canada,131.3,2017,11
canada,130.8,2017,12
canada,131.7,2018,1
canada,132.5,2018,2
canada,132.9,2018,3
canada,133.3,2018,4
canada,133.4,2018,5
canada,133.6,2018,6
canada,134.3,2018,7
canada,134.2,2018,8
canada,133.7,2018,9
canada,134.1,2018,10
canada,133.5,2018,11
canada,133.4,2018,12
canada,133.6,2019,1
canada,134.5,2019,2
canada,135.4,2019,3
canada,136.0,2019,4
canada,136.6,2019,5
canada,136.3,2019,6
canada,137.0,2019,7
canada,136.8,2019,8
canada,136.2,2019,9
canada,136.6,2019,10
canada,136.4,2019,11
canada,136.4,2019,12
canada,136.8,2020,1
canada,137.4,2020,2
canada,136.6,2020,3
canada,135.7,2020,4
canada,136.1,2020,5
canada,137.2,2020,6
canada,137.2,2020,7
canada,137.0,2020,8
canada,136.9,2020,9
canada,137.5,2020,10
canada,137.7,2020,11
canada,137.4,2020,12
canada,138.2,2021,1
canada,138.9,2021,2
canada,139.6,2021,3
canada,140.3,2021,4
canada,141.0,2021,5
canada,141.4,2021,6
canada,142.3,2021,7
canada,142.6,2021,8
canada,142.9,2021,9
canada,143.9,2021,10
canada,144.2,2021,11
canada,144.0,2021,12
canada,145.3,2022,1
canada,146.8,2022,2
canada,148.9,2022,3
canada,149.8,2022,4
canada,151.9,2022,5
canada,152.9,2022,6
canada,153.1,2022,7
canada,152.6,2022,8
canada,152.7,2022,9
canada,153.8,2022,10
canada,154.0,2022,11
canada,153.1,2022,12
canada,153.9,2023,1
canada,154.5,2023,2
canada,155.3,2023,3
canada,156.4,2023,4
canada,157.0,2023,5
canada,157.2,2023,6
canada,158.1,2023,7
canada,158.7,2023,8
canada,158.5,2023,9
canada,158.6,2023,10
canada,158.8,2023,11
canada,158.3,2023,12
canada,158.3,2024,1
canada,158.8,2024,2
canada,159.8,2024,3
canada,160.6,2024,4
canada,161.5,2024,5
canada,161.4,2024,6
canada,162.1,2024,7
canada,161.8,2024,8
canada,161.1,2024,9
canada,161.8,2024,10
canada,161.8,2024,11
canada,161.2,2024,12
canada,161.3,2025,1
canada,163.0,2025,2
canada,163.5,2025,3
canada,163.4,2025,4
canada,164.3,2025,5
canada,164.4,2025,6
canada,164.9,2025,7
canada,164.8,2025,8
canada,164.9,2025,9
canada,165.3,2025,10
canada,165.4,2025,11
canada,165.0,2025,12
canada,165.0,2026,1
canada,165.9,2026,2
china,68.71565,2006,1
china,69.05923,2006,2
china,68.4377,2006,3
china,68.57458,2006,4
china,68.506,2006,5
china,68.16347,2006,6
china,67.95898,2006,7
china,68.16286,2006,8
china,68.50367,2006,9
china,68.57217,2006,10
china,68.77789,2006,11
china,69.74078,2006,12
china,70.22897,2007,1
china,70.93126,2007,2
china,70.71846,2007,3
china,70.64774,2007,4
china,70.85969,2007,5
china,71.14313,2007,6
china,71.78342,2007,7
china,72.64481,2007,8
china,72.86275,2007,9
china,73.08134,2007,10
china,73.59291,2007,11
china,74.32883,2007,12
china,75.22079,2008,1
china,77.17652,2008,2
china,76.63628,2008,3
china,76.71292,2008,4
china,76.40607,2008,5
china,76.25326,2008,6
china,76.32951,2008,7
china,76.25318,2008,8
china,76.25318,2008,9
china,76.02442,2008,10
china,75.41623,2008,11
china,75.2654,2008,12
china,75.94279,2009,1
china,75.94279,2009,2
china,75.71496,2009,3
china,75.56353,2009,4
china,75.33684,2009,5
china,74.96015,2009,6
china,74.96015,2009,7
china,75.33495,2009,8
china,75.63628,2009,9
china,75.56251,2009,10
china,75.7899,2009,11
china,76.54786,2009,12
china,77.00264,2010,1
china,77.93114,2010,2
china,77.38162,2010,3
china,77.53953,2010,4
china,77.46373,2010,5
china,76.99632,2010,6
china,77.30582,2010,7
china,77.76691,2010,8
china,78.23433,2010,9
china,78.78385,2010,10
china,79.64919,2010,11
china,80.04712,2010,12
china,80.8493,2011,1
china,81.8829,2011,2
china,81.71854,2011,3
china,81.80072,2011,4
china,81.8829,2011,5
china,82.12944,2011,6
china,82.48972,2011,7
china,82.72406,2011,8
china,83.11464,2011,9
china,83.19276,2011,10
china,83.03652,2011,11
china,83.27087,2011,12
china,84.52071,2012,1
china,84.4426,2012,2
china,84.59883,2012,3
china,84.52071,2012,4
china,84.28637,2012,5
china,83.81767,2012,6
china,83.89579,2012,7
china,84.44312,2012,8
china,84.70231,2012,9
china,84.61381,2012,10
china,84.75506,2012,11
china,85.37871,2012,12
china,86.23212,2013,1
china,87.18035,2013,2
china,86.39648,2013,3
china,86.56728,2013,4
china,86.04879,2013,5
china,86.04879,2013,6
china,86.13388,2013,7
china,86.56716,2013,8
china,87.2571,2013,9
china,87.34471,2013,10
china,87.25703,2013,11
china,87.51881,2013,12
china,88.39396,2014,1
china,88.8422,2014,2
china,88.39396,2014,3
china,88.03536,2014,4
china,88.12501,2014,5
china,88.03536,2014,6
china,88.03536,2014,7
china,88.21466,2014,8
china,88.6629,2014,9
china,88.6629,2014,10
china,88.39396,2014,11
china,88.75256,2014,12
china,89.0215,2015,1
china,90.09729,2015,2
china,89.55939,2015,3
china,89.3801,2015,4
china,89.2008,2015,5
china,89.2008,2015,6
china,89.55939,2015,7
china,90.00764,2015,8
china,90.09729,2015,9
china,89.73869,2015,10
china,89.73869,2015,11
china,90.18694,2015,12
china,90.63519,2016,1
china,92.06957,2016,2
china,91.62132,2016,3
china,91.44202,2016,4
china,91.08343,2016,5
china,90.90413,2016,6
china,91.08343,2016,7
china,91.17308,2016,8
china,91.80062,2016,9
china,91.71098,2016,10
china,91.80062,2016,11
china,91.97992,2016,12
china,92.96606,2017,1
china,92.78676,2017,2
china,92.51781,2017,3
china,92.51781,2017,4
china,92.60746,2017,5
china,92.42816,2017,6
china,92.33852,2017,7
china,92.78676,2017,8
china,93.32465,2017,9
china,93.41431,2017,10
china,93.41431,2017,11
china,93.68325,2017,12
china,94.3108,2018,1
china,95.47623,2018,2
china,94.40044,2018,3
china,94.22115,2018,4
china,94.04185,2018,5
china,94.04185,2018,6
china,94.3108,2018,7
china,94.93834,2018,8
china,95.56588,2018,9
china,95.74518,2018,10
china,95.38658,2018,11
china,95.47623,2018,12
china,95.92448,2019,1
china,96.91061,2019,2
china,96.55202,2019,3
china,96.64167,2019,4
china,96.64167,2019,5
china,96.55202,2019,6
china,96.91061,2019,7
china,97.62781,2019,8
china,98.43465,2019,9
china,99.33114,2019,10
china,99.68974,2019,11
china,99.68974,2019,12
china,101.1241,2020,1
china,101.931,2020,2
china,100.6759,2020,3
china,99.77939,2020,4
china,98.97254,2020,5
china,98.97254,2020,6
china,98.61395,2020,7
china,99.95869,2020,8
china,100.138,2020,9
china,99.86903,2020,10
china,99.24149,2020,11
china,99.95869,2020,12
china,100.9,2021,1
china,101.5,2021,2
china,101.0,2021,3
china,100.7,2021,4
china,100.6,2021,5
china,100.2,2021,6
china,100.5,2021,7
china,100.6,2021,8
china,100.6,2021,9
china,101.3,2021,10
china,101.7,2021,11
china,101.4,2021,12
china,101.9,2022,1
china,102.5,2022,2
china,102.5,2022,3
china,102.9,2022,4
china,102.7,2022,5
china,102.7,2022,6
china,103.2,2022,7
china,103.1,2022,8
china,103.4,2022,9
china,103.5,2022,10
china,103.3,2022,11
china,103.2,2022,12
china,104.0,2023,1
china,103.5,2023,2
china,103.2,2023,3
china,103.0,2023,4
china,102.9,2023,5
china,102.7,2023,6
china,102.9,2023,7
china,103.2,2023,8
china,103.4,2023,9
china,103.3,2023,10
china,102.8,2023,11
china,102.9,2023,12
china,103.1,2024,1
china,104.2,2024,2
china,103.3,2024,3
china,103.2,2024,4
china,103.2,2024,5
china,102.9,2024,6
china,103.4,2024,7
china,103.8,2024,8
china,103.8,2024,9
china,103.6,2024,10
china,103.0,2024,11
china,103.0,2024,12
china,103.6,2025,1
china,103.4,2025,2
china,103.2,2025,3
china,103.123,2025,4
china,103.1236,2025,5
china,103.0133,2025,6
china,103.4184,2025,7
china,103.4221,2025,8
china,103.519,2025,9
china,103.8396,2025,10
china,103.7373,2025,11
china,103.8426,2025,12
china,103.8373,2026,1
germany,82.38284,2006,1
germany,82.7368,2006,2
germany,82.7368,2006,3
germany,83.00227,2006,4
germany,83.00227,2006,5
germany,83.17924,2006,6
germany,83.5332,2006,7
germany,83.35622,2006,8
germany,83.09075,2006,9
germany,83.17924,2006,10
germany,83.17924,2006,11
germany,83.79866,2006,12
germany,83.79866,2007,1
germany,84.15262,2007,2
germany,84.3296,2007,3
germany,84.77204,2007,4
germany,84.77204,2007,5
germany,84.77204,2007,6
germany,85.21448,2007,7
germany,85.12599,2007,8
germany,85.30297,2007,9
germany,85.47995,2007,10
germany,85.92239,2007,11
germany,86.45332,2007,12
germany,86.18785,2008,1
germany,86.54181,2008,2
germany,86.98425,2008,3
germany,86.80727,2008,4
germany,87.3382,2008,5
germany,87.51518,2008,6
germany,88.04611,2008,7
germany,87.78065,2008,8
germany,87.69216,2008,9
germany,87.51518,2008,10
germany,87.07274,2008,11
germany,87.4267,2008,12
germany,86.98425,2009,1
germany,87.51518,2009,2
germany,87.3382,2009,3
germany,87.4267,2009,4
germany,87.3382,2009,5
germany,87.60367,2009,6
germany,87.60367,2009,7
germany,87.78065,2009,8
germany,87.51518,2009,9
germany,87.51518,2009,10
germany,87.4267,2009,11
germany,88.13461,2009,12
germany,87.60367,2010,1
germany,87.95763,2010,2
germany,88.40007,2010,3
germany,88.48856,2010,4
germany,88.40007,2010,5
germany,88.40007,2010,6
germany,88.57705,2010,7
germany,88.66553,2010,8
germany,88.57705,2010,9
germany,88.66553,2010,10
germany,88.75402,2010,11
germany,89.28496,2010,12
germany,89.10798,2011,1
germany,89.63891,2011,2
germany,90.16984,2011,3
germany,90.16984,2011,4
germany,90.16984,2011,5
germany,90.25833,2011,6
germany,90.4353,2011,7
germany,90.5238,2011,8
germany,90.70077,2011,9
germany,90.70077,2011,10
germany,90.87775,2011,11
germany,91.05473,2011,12
germany,90.96624,2012,1
germany,91.58566,2012,2
germany,92.11658,2012,3
germany,91.93961,2012,4
germany,91.93961,2012,5
germany,91.76263,2012,6
germany,92.11658,2012,7
germany,92.47054,2012,8
germany,92.55903,2012,9
germany,92.55903,2012,10
germany,92.64752,2012,11
germany,92.91299,2012,12
germany,92.47054,2013,1
germany,93.00147,2013,2
germany,93.44392,2013,3
germany,93.00147,2013,4
germany,93.35543,2013,5
germany,93.44392,2013,6
germany,93.88636,2013,7
germany,93.88636,2013,8
germany,93.88636,2013,9
germany,93.70938,2013,10
germany,93.88636,2013,11
germany,94.24031,2013,12
germany,93.70938,2014,1
germany,94.15182,2014,2
germany,94.41729,2014,3
germany,94.24031,2014,4
germany,94.15182,2014,5
germany,94.41729,2014,6
germany,94.68275,2014,7
germany,94.68275,2014,8
germany,94.68275,2014,9
germany,94.41729,2014,10
germany,94.41729,2014,11
germany,94.41729,2014,12
germany,93.44392,2015,1
germany,94.10799,2015,2
germany,94.58232,2015,3
germany,95.05666,2015,4
germany,95.24639,2015,5
germany,95.24639,2015,6
germany,95.43612,2015,7
germany,95.43612,2015,8
germany,95.24639,2015,9
germany,95.24639,2015,10
germany,94.58232,2015,11
germany,94.58232,2015,12
germany,93.91825,2016,1
germany,94.20285,2016,2
germany,94.86692,2016,3
germany,94.96178,2016,4
germany,95.43612,2016,5
germany,95.53099,2016,6
germany,95.91045,2016,7
germany,95.81559,2016,8
germany,95.81559,2016,9
germany,96.00533,2016,10
germany,95.34126,2016,11
germany,96.00533,2016,12
germany,95.43612,2017,1
germany,96.00533,2017,2
germany,96.19506,2017,3
germany,96.57452,2017,4
germany,96.57452,2017,5
germany,96.85912,2017,6
germany,97.23859,2017,7
germany,97.33346,2017,8
germany,97.42833,2017,9
germany,97.23859,2017,10
germany,96.85912,2017,11
germany,97.33346,2017,12
germany,96.76426,2018,1
germany,97.04886,2018,2
germany,97.61806,2018,3
germany,97.80779,2018,4
germany,98.56673,2018,5
germany,98.6616,2018,6
germany,99.04106,2018,7
germany,99.13593,2018,8
germany,99.32567,2018,9
germany,99.5154,2018,10
germany,98.85133,2018,11
germany,98.85133,2018,12
germany,98.09239,2019,1
germany,98.47186,2019,2
germany,98.85133,2019,3
germany,99.8,2019,4
germany,99.98973,2019,5
germany,100.2743,2019,6
germany,100.7487,2019,7
germany,100.5589,2019,8
germany,100.5589,2019,9
germany,100.6538,2019,10
germany,99.89487,2019,11
germany,100.3692,2019,12
germany,99.8,2020,1
germany,100.1,2020,2
germany,100.3,2020,3
germany,100.4,2020,4
germany,100.4,2020,5
germany,100.5,2020,6
germany,99.7,2020,7
germany,99.7,2020,8
germany,99.7,2020,9
germany,99.9,2020,10
germany,99.7,2020,11
germany,99.8,2020,12
germany,101.0,2021,1
germany,101.6,2021,2
germany,102.1,2021,3
germany,102.4,2021,4
germany,102.6,2021,5
germany,102.9,2021,6
germany,103.4,2021,7
germany,103.5,2021,8
germany,103.8,2021,9
germany,104.3,2021,10
germany,104.5,2021,11
germany,104.7,2021,12
germany,105.2,2022,1
germany,106.0,2022,2
germany,108.1,2022,3
germany,108.8,2022,4
germany,109.8,2022,5
germany,109.8,2022,6
germany,110.3,2022,7
germany,110.7,2022,8
germany,112.7,2022,9
germany,113.5,2022,10
germany,113.7,2022,11
germany,113.2,2022,12
germany,114.3,2023,1
germany,115.2,2023,2
germany,116.1,2023,3
germany,116.6,2023,4
germany,116.5,2023,5
germany,116.8,2023,6
germany,117.1,2023,7
germany,117.5,2023,8
germany,117.8,2023,9
germany,117.8,2023,10
germany,117.3,2023,11
germany,117.4,2023,12
germany,117.6,2024,1
germany,118.1,2024,2
germany,118.6,2024,3
germany,119.2,2024,4
germany,119.3,2024,5
germany,119.4,2024,6
germany,119.8,2024,7
germany,119.7,2024,8
germany,119.7,2024,9
germany,120.2,2024,10
germany,119.9,2024,11
germany,120.5,2024,12
germany,120.3,2025,1
germany,120.8,2025,2
germany,121.2,2025,3
germany,121.7,2025,4
germany,121.8,2025,5
germany,121.8,2025,6
germany,122.2,2025,7
germany,122.3,2025,8
germany,122.6,2025,9
germany,123.0,2025,10
germany,122.7,2025,11
germany,122.7,2025,12
germany,122.8,2026,1
germany,123.1,2026,2
france,73.00308888291605,2006,1
france,73.28418797940745,2006,2
france,73.49087849153348,2006,3
france,73.80504806996505,2006,4
france,74.11921764839664,2006,5
france,74.11921764839664,2006,6
france,73.99520334112101,2006,7
france,74.24323195567226,2006,8
france,74.07787954597143,2006,9
france,73.9125271362706,2006,10
france,73.99520334112101,2006,11
france,74.16882337130689,2006,12
france,73.9125271362706,2007,1
france,74.0530766845163,2007,2
france,74.36724626294787,2007,3
france,74.7310215642897,2007,4
france,74.9129092149606,2007,5
france,75.00385304029606,2007,6
france,74.81369776914012,2007,7
france,75.11959972708665,2007,8
france,75.20227593193707,2007,9
france,75.39243120309303,2007,10
france,75.80581222734509,2007,11
france,76.0869113238365,2007,12
france,75.99596749850105,2008,1
france,76.16131990820188,2008,2
france,76.73178572166972,2008,3
france,76.98808195670603,2008,4
france,77.40146298095809,2008,5
france,77.6825620774495,2008,6
france,77.51720966774867,2008,7
france,77.49240680629354,2008,8
france,77.4428010833833,2008,9
france,77.40146298095809,2008,10
france,77.03768767961627,2008,11
france,76.84753240846031,2008,12
france,76.53336283002874,2009,1
france,76.8227295470052,2009,2
france,76.9632790952509,2009,3
france,77.08729340252653,2009,4
france,77.2030400893171,2009,5
france,77.30225153513759,2009,6
france,76.95501147476585,2009,7
france,77.35185725804784,2009,8
france,77.16170198689188,2009,9
france,77.23611057125726,2009,10
france,77.3435896375628,2009,11
france,77.55028014968885,2009,12
france,77.37666011950297,2010,1
france,77.80657638472512,2010,2
france,78.18688692703704,2010,3
france,78.38530981867802,2010,4
france,78.47625364401348,2010,5
france,78.46798602352844,2010,6
france,78.24476027043232,2010,7
france,78.42664792110322,2010,8
france,78.36877457770794,2010,9
france,78.46798602352844,2010,10
france,78.5589298488639,2010,11
france,78.91443752972069,2010,12
france,78.72428225856471,2011,1
france,79.09632518039159,2011,2
france,79.74119957822482,2011,3
france,80.0140310542312,2011,4
france,80.0553691566564,2011,5
france,80.12151012053673,2011,6
france,79.76600243967995,2011,7
france,80.17938346393203,2011,8
france,80.12151012053673,2011,9
france,80.31166539169269,2011,10
france,80.5348911447888,2011,11
france,80.85732834370542,2011,12
france,80.57622924721402,2012,1
france,80.90693406661568,2012,2
france,81.57661132590403,2012,3
france,81.68409039220957,2012,4
france,81.64275228978435,2012,5
france,81.66755515123948,2012,6
france,81.3120474703827,2012,7
france,81.84944280191039,2012,8
france,81.6510199102694,2012,9
france,81.79983707900016,2012,10
france,81.67582277172453,2012,11
france,81.93211900676081,2012,12
france,81.51873798250874,2013,1
france,81.7502313560899,2013,2
france,82.370302892468,2013,3
france,82.24628858519237,2013,4
france,82.29589430810263,2013,5
france,82.4281762358633,2013,6
france,82.18014762131205,2013,7
france,82.56045816362396,2013,8
france,82.370302892468,2013,9
france,82.26282382616247,2013,10
france,82.2297533442223,2013,11
france,82.5108524407137,2013,12
france,82.04786569355139,2014,1
france,82.50258482022868,2014,2
france,82.87462774205552,2014,3
france,82.84155726011537,2014,4
france,82.85809250108545,2014,5
france,82.8250220191453,2014,6
france,82.56045816362396,2014,7
france,82.92423346496578,2014,8
france,82.6100638865342,2014,9
france,82.63486674798934,2014,10
france,82.49431719974363,2014,11
france,82.56045816362396,2014,12
france,81.73369611511981,2015,1
france,82.27935906713255,2015,2
france,82.81675439866024,2015,3
france,82.9076982239957,2015,4
france,83.1061211156367,2015,5
france,83.03998015175635,2015,6
france,82.70100771186966,2015,7
france,82.965571567391,2015,8
france,82.63486674798934,2015,9
france,82.68447247089958,2015,10
france,82.52738768168379,2015,11
france,82.70927533235471,2015,12
france,81.91558376579073,2016,1
france,82.12227427791676,2016,2
france,82.69274009138462,2016,3
france,82.75061343477991,2016,4
france,83.08958587466661,2016,5
france,83.19706494097215,2016,6
france,82.88289536254058,2016,7
france,83.15572683854694,2016,8
france,82.95730394690595,2016,9
france,82.98210680836107,2016,10
france,82.965571567391,2016,11
france,83.21360018194223,2016,12
france,83.01517729030124,2017,1
france,83.11438873612174,2017,2
france,83.64351644716439,2017,3
france,83.71792503152976,2017,4
france,83.75926313395497,2017,5
france,83.76753075444002,2017,6
france,83.47816403746356,2017,7
france,83.90808030268572,2017,8
france,83.77579837492505,2017,9
france,83.85847457977547,2017,10
france,83.94115078462588,2017,11
france,84.2057146401472,2017,12
france,84.12303843529679,2018,1
france,84.09823557384166,2018,2
france,84.94980048380094,2018,3
france,85.09035003204664,2018,4
france,85.45412533338848,2018,5
france,85.4623929538735,2018,6
france,85.38798436950815,2018,7
france,85.80136539376021,2018,8
france,85.6194777430893,2018,9
france,85.71042156842475,2018,10
france,85.52853391775383,2018,11
france,85.54506915872392,2018,12
france,85.16475861641202,2019,1
france,85.20609671883722,2019,2
france,85.89230921909567,2019,3
france,86.16514069510202,2019,4
france,86.2560845204375,2019,5
france,86.46277503256353,2019,6
france,86.2974226228627,2019,7
france,86.69426840614469,2019,8
france,86.39663406868318,2019,9
france,86.36356358674303,2019,10
france,86.41316930965328,2019,11
france,86.79347985196517,2019,12
france,86.42970455062336,2020,1
france,86.42143693013831,2020,2
france,86.47104265304857,2020,3
france,86.44623979159344,2020,4
france,86.57025409886906,2020,5
france,86.6363950627494,2020,6
france,86.96709988215105,2020,7
france,86.88442367730065,2020,8
france,86.4379721711084,2020,9
france,86.40490168916824,2020,10
france,86.58678933983914,2020,11
france,86.7769446109951,2020,12
france,86.90922653875576,2021,1
france,86.90922653875576,2021,2
france,87.43008662931338,2021,3
france,87.52103045464882,2021,4
france,87.80212955114024,2021,5
france,87.91787623793083,2021,6
france,87.96748196084107,2021,7
france,88.50487729236877,2021,8
france,88.30645440072777,2021,9
france,88.67022970206959,2021,10
france,88.99266690098621,2021,11
france,89.16628693117208,2021,12
france,89.3895126842682,2022,1
france,90.0674575640416,2022,2
france,91.34893873922303,2022,3
france,91.74578452250502,2022,4
france,92.36585605888313,2022,5
france,93.05206855914156,2022,6
france,93.31663241466289,2022,7
france,93.73828105940001,2022,8
france,93.20915334835735,2022,9
france,94.16819732462216,2022,10
france,94.46583166208364,2022,11
france,94.38315545723324,2022,12
france,94.74693075857506,2023,1
france,95.72250997580996,2023,2
france,96.55753964479914,2023,3
france,97.14454069923708,2023,4
france,97.09493497632684,2023,5
france,97.26855500651271,2023,6
france,97.31816072942296,2023,7
france,98.29373994665785,2023,8
france,97.77287985610025,2023,9
france,97.91342940434593,2023,10
france,97.7480769946451,2023,11
france,97.88035892240578,2023,12
france,97.71500651270495,2024,1
france,98.55830380217917,2024,2
france,98.77326193479026,2024,3
france,99.26931916389275,2024,4
france,99.3023896458329,2024,5
france,99.37679823019828,2024,6
france,99.55868588086919,2024,7
france,100.0878135919118,2024,8
france,98.84767051915561,2024,9
france,99.12050199516199,2024,10
france,98.97995244691629,2024,11
france,99.17010771807225,2024,12
france,99.32719250728803,2025,1
france,99.3437277482581,2025,2
france,99.52561539892902,2025,3
france,100.0878135919118,2025,4
france,99.95553166415118,2025,5
france,100.3358422064631,2025,6
france,100.5508003390742,2025,7
france,100.9724489838113,2025,8
france,99.9968697665764,2025,9
france,100.0547431099717,2025,10
france,99.87285545930077,2025,11
france,99.95553166415118,2025,12
france,99.62,2026,1
france,100.24,2026,2
united_kingdom,80.0,2006,1
united_kingdom,80.2,2006,2
united_kingdom,80.4,2006,3
united_kingdom,80.9,2006,4
united_kingdom,81.3,2006,5
united_kingdom,81.5,2006,6
united_kingdom,81.5,2006,7
united_kingdom,81.8,2006,8
united_kingdom,81.9,2006,9
united_kingdom,82.0,2006,10
united_kingdom,82.2,2006,11
united_kingdom,82.6,2006,12
united_kingdom,82.1,2007,1
united_kingdom,82.4,2007,2
united_kingdom,82.8,2007,3
united_kingdom,83.1,2007,4
united_kingdom,83.3,2007,5
united_kingdom,83.5,2007,6
united_kingdom,83.1,2007,7
united_kingdom,83.4,2007,8
united_kingdom,83.5,2007,9
united_kingdom,83.8,2007,10
united_kingdom,84.1,2007,11
united_kingdom,84.5,2007,12
united_kingdom,84.1,2008,1
united_kingdom,84.6,2008,2
united_kingdom,84.9,2008,3
united_kingdom,85.6,2008,4
united_kingdom,86.1,2008,5
united_kingdom,86.6,2008,6
united_kingdom,86.6,2008,7
united_kingdom,87.1,2008,8
united_kingdom,87.5,2008,9
united_kingdom,87.3,2008,10
united_kingdom,87.3,2008,11
united_kingdom,87.1,2008,12
united_kingdom,86.6,2009,1
united_kingdom,87.2,2009,2
united_kingdom,87.3,2009,3
united_kingdom,87.5,2009,4
united_kingdom,87.9,2009,5
united_kingdom,88.1,2009,6
united_kingdom,88.0,2009,7
united_kingdom,88.3,2009,8
united_kingdom,88.3,2009,9
united_kingdom,88.4,2009,10
united_kingdom,88.6,2009,11
united_kingdom,88.9,2009,12
united_kingdom,88.8,2010,1
united_kingdom,89.0,2010,2
united_kingdom,89.4,2010,3
united_kingdom,89.9,2010,4
united_kingdom,90.1,2010,5
united_kingdom,90.2,2010,6
united_kingdom,90.0,2010,7
united_kingdom,90.4,2010,8
united_kingdom,90.4,2010,9
united_kingdom,90.6,2010,10
united_kingdom,90.9,2010,11
united_kingdom,91.7,2010,12
united_kingdom,91.8,2011,1
united_kingdom,92.3,2011,2
united_kingdom,92.6,2011,3
united_kingdom,93.3,2011,4
united_kingdom,93.5,2011,5
united_kingdom,93.5,2011,6
united_kingdom,93.5,2011,7
united_kingdom,93.9,2011,8
united_kingdom,94.5,2011,9
united_kingdom,94.5,2011,10
united_kingdom,94.7,2011,11
united_kingdom,95.0,2011,12
united_kingdom,94.7,2012,1
united_kingdom,95.2,2012,2
united_kingdom,95.4,2012,3
united_kingdom,95.9,2012,4
united_kingdom,95.9,2012,5
united_kingdom,95.6,2012,6
united_kingdom,95.7,2012,7
united_kingdom,96.1,2012,8
united_kingdom,96.4,2012,9
united_kingdom,96.8,2012,10
united_kingdom,97.0,2012,11
united_kingdom,97.3,2012,12
united_kingdom,97.0,2013,1
united_kingdom,97.5,2013,2
united_kingdom,97.8,2013,3
united_kingdom,98.0,2013,4
united_kingdom,98.2,2013,5
united_kingdom,98.0,2013,6
united_kingdom,98.0,2013,7
united_kingdom,98.4,2013,8
united_kingdom,98.7,2013,9
united_kingdom,98.8,2013,10
united_kingdom,98.8,2013,11
united_kingdom,99.2,2013,12
united_kingdom,98.7,2014,1
united_kingdom,99.1,2014,2
united_kingdom,99.3,2014,3
united_kingdom,99.6,2014,4
united_kingdom,99.6,2014,5
united_kingdom,99.8,2014,6
united_kingdom,99.6,2014,7
united_kingdom,99.9,2014,8
united_kingdom,100.0,2014,9
united_kingdom,100.1,2014,10
united_kingdom,99.9,2014,11
united_kingdom,99.9,2014,12
united_kingdom,99.2,2015,1
united_kingdom,99.5,2015,2
united_kingdom,99.6,2015,3
united_kingdom,99.9,2015,4
united_kingdom,100.1,2015,5
united_kingdom,100.1,2015,6
united_kingdom,100.0,2015,7
united_kingdom,100.3,2015,8
united_kingdom,100.2,2015,9
united_kingdom,100.3,2015,10
united_kingdom,100.3,2015,11
united_kingdom,100.4,2015,12
united_kingdom,99.9,2016,1
united_kingdom,100.1,2016,2
united_kingdom,100.4,2016,3
united_kingdom,100.6,2016,4
united_kingdom,100.8,2016,5
united_kingdom,101.0,2016,6
united_kingdom,100.9,2016,7
united_kingdom,101.2,2016,8
united_kingdom,101.5,2016,9
united_kingdom,101.6,2016,10
united_kingdom,101.8,2016,11
united_kingdom,102.2,2016,12
united_kingdom,101.8,2017,1
united_kingdom,102.4,2017,2
united_kingdom,102.7,2017,3
united_kingdom,103.2,2017,4
united_kingdom,103.5,2017,5
united_kingdom,103.5,2017,6
united_kingdom,103.5,2017,7
united_kingdom,104.0,2017,8
united_kingdom,104.3,2017,9
united_kingdom,104.4,2017,10
united_kingdom,104.7,2017,11
united_kingdom,105.0,2017,12
united_kingdom,104.5,2018,1
united_kingdom,104.9,2018,2
united_kingdom,105.1,2018,3
united_kingdom,105.5,2018,4
united_kingdom,105.9,2018,5
united_kingdom,105.9,2018,6
united_kingdom,105.9,2018,7
united_kingdom,106.5,2018,8
united_kingdom,106.6,2018,9
united_kingdom,106.7,2018,10
united_kingdom,106.9,2018,11
united_kingdom,107.1,2018,12
united_kingdom,106.4,2019,1
united_kingdom,106.8,2019,2
united_kingdom,107.0,2019,3
united_kingdom,107.6,2019,4
united_kingdom,107.9,2019,5
united_kingdom,107.9,2019,6
united_kingdom,108.0,2019,7
united_kingdom,108.3,2019,8
united_kingdom,108.4,2019,9
united_kingdom,108.3,2019,10
united_kingdom,108.5,2019,11
united_kingdom,108.5,2019,12
united_kingdom,108.3,2020,1
united_kingdom,108.6,2020,2
united_kingdom,108.6,2020,3
united_kingdom,108.6,2020,4
united_kingdom,108.6,2020,5
united_kingdom,108.8,2020,6
united_kingdom,109.2,2020,7
united_kingdom,108.8,2020,8
united_kingdom,109.2,2020,9
united_kingdom,109.2,2020,10
united_kingdom,109.1,2020,11
united_kingdom,109.4,2020,12
united_kingdom,109.3,2021,1
united_kingdom,109.4,2021,2
united_kingdom,109.7,2021,3
united_kingdom,110.4,2021,4
united_kingdom,111.0,2021,5
united_kingdom,111.4,2021,6
united_kingdom,111.4,2021,7
united_kingdom,112.1,2021,8
united_kingdom,112.4,2021,9
united_kingdom,113.4,2021,10
united_kingdom,114.1,2021,11
united_kingdom,114.7,2021,12
united_kingdom,114.6,2022,1
united_kingdom,115.4,2022,2
united_kingdom,116.5,2022,3
united_kingdom,119.0,2022,4
united_kingdom,119.7,2022,5
united_kingdom,120.5,2022,6
united_kingdom,121.2,2022,7
united_kingdom,121.8,2022,8
united_kingdom,122.3,2022,9
united_kingdom,124.3,2022,10
united_kingdom,124.8,2022,11
united_kingdom,125.3,2022,12
united_kingdom,124.8,2023,1
united_kingdom,126.0,2023,2
united_kingdom,126.8,2023,3
united_kingdom,128.3,2023,4
united_kingdom,129.1,2023,5
united_kingdom,129.4,2023,6
united_kingdom,129.0,2023,7
united_kingdom,129.4,2023,8
united_kingdom,130.1,2023,9
united_kingdom,130.2,2023,10
united_kingdom,130.0,2023,11
united_kingdom,130.5,2023,12
united_kingdom,130.0,2024,1
united_kingdom,130.8,2024,2
united_kingdom,131.6,2024,3
united_kingdom,132.2,2024,4
united_kingdom,132.7,2024,5
united_kingdom,133.0,2024,6
united_kingdom,132.9,2024,7
united_kingdom,133.4,2024,8
united_kingdom,133.5,2024,9
united_kingdom,134.3,2024,10
united_kingdom,134.6,2024,11
united_kingdom,135.1,2024,12
united_kingdom,135.1,2025,1
united_kingdom,135.6,2025,2
united_kingdom,136.1,2025,3
united_kingdom,137.7,2025,4
united_kingdom,138.0,2025,5
united_kingdom,138.4,2025,6
united_kingdom,138.5,2025,7
united_kingdom,138.9,2025,8
united_kingdom,138.9,2025,9
united_kingdom,139.5,2025,10
united_kingdom,139.4,2025,11
united_kingdom,139.9,2025,12
united_kingdom,139.4,2026,1
united_kingdom,140.0,2026,2
india,56.73217993059745,2006,1
india,56.73217993059745,2006,2
india,56.73217993059745,2006,3
india,57.20892093841759,2006,4
india,57.68566194623774,2006,5
india,58.63914396187802,2006,6
india,59.11588496969817,2006,7
india,59.11588496969817,2006,8
india,59.59262597751831,2006,9
india,60.54610799315872,2006,10
india,60.54610799315872,2006,11
india,60.54610799315872,2006,12
india,60.54610799315872,2007,1
india,61.02284900097886,2007,2
india,60.54610799315872,2007,3
india,61.02284900097886,2007,4
india,61.49959000879901,2007,5
india,61.97633101661915,2007,6
india,62.92981303225944,2007,7
india,63.40655404007958,2007,8
india,63.40655404007958,2007,9
india,63.88329504789973,2007,10
india,63.88329504789973,2007,11
india,63.88329504789973,2007,12
india,63.88329504789973,2008,1
india,64.36003605571987,2008,2
india,65.31351807136016,2008,3
india,65.7902590791803,2008,4
india,66.26700008700044,2008,5
india,66.74374109482059,2008,6
india,68.17396411828102,2008,7
india,69.1274461339213,2008,8
india,69.60418714174145,2008,9
india,70.55766915738172,2008,10
india,70.55766915738172,2008,11
india,70.08092814956159,2008,12
india,70.55766915738172,2009,1
india,70.55766915738172,2009,2
india,70.55766915738172,2009,3
india,71.51115117302201,2009,4
india,71.98789218084217,2009,5
india,72.94137419648246,2009,6
india,76.27856125122346,2009,7
india,77.23204326686387,2009,8
india,77.708784274684,2009,9
india,78.6622662903243,2009,10
india,80.09248931378472,2009,11
india,80.56923032160488,2009,12
india,81.9994533450653,2010,1
india,81.04597132942502,2010,2
india,81.04597132942502,2010,3
india,81.04597132942502,2010,4
india,81.9994533450653,2010,5
india,82.9529353607056,2010,6
india,84.85989939198616,2010,7
india,84.85989939198616,2010,8
india,85.33664039980631,2010,9
india,86.29012241544659,2010,10
india,86.76686342326674,2010,11
india,88.19708644672717,2010,12
india,89.6273094701876,2011,1
india,88.19708644672717,2011,2
india,88.19708644672717,2011,3
india,88.67382745454731,2011,4
india,89.15056846236745,2011,5
india,90.10405047800774,2011,6
india,92.01101450928832,2011,7
india,92.48775551710845,2011,8
india,93.91797854056901,2011,9
india,94.39471954838916,2011,10
india,94.8714605562093,2011,11
india,94.45572234167727,2011,12
india,94.7883129133029,2012,1
india,95.28719877074133,2012,2
india,96.03552755689898,2012,3
india,97.36588984340148,2012,4
india,98.28051391537196,2012,5
india,99.44458091606164,2012,6
india,100.9412384883769,2012,7
india,102.188453131973,2012,8
india,103.1030772039435,2012,9
india,103.8514059901012,2012,10
india,104.2671442046332,2012,11
india,104.433439490446,2012,12
india,104.6,2013,1
india,105.3,2013,2
india,105.3,2013,3
india,106.1,2013,4
india,106.9,2013,5
india,109.3,2013,6
india,111.0,2013,7
india,112.4,2013,8
india,113.7,2013,9
india,114.8,2013,10
india,116.3,2013,11
india,114.5,2013,12
india,113.6,2014,1
india,113.6,2014,2
india,114.2,2014,3
india,115.1,2014,4
india,115.8,2014,5
india,116.7,2014,6
india,119.2,2014,7
india,120.3,2014,8
india,120.1,2014,9
india,120.1,2014,10
india,120.1,2014,11
india,119.4,2014,12
india,119.5,2015,1
india,119.7,2015,2
india,120.2,2015,3
india,120.7,2015,4
india,121.6,2015,5
india,123.0,2015,6
india,123.6,2015,7
india,124.8,2015,8
india,125.4,2015,9
india,126.1,2015,10
india,126.6,2015,11
india,126.1,2015,12
india,126.3,2016,1
india,126.0,2016,2
india,126.0,2016,3
india,127.3,2016,4
india,128.6,2016,5
india,130.1,2016,6
india,131.1,2016,7
india,131.1,2016,8
india,130.9,2016,9
india,131.4,2016,10
india,131.2,2016,11
india,130.4,2016,12
india,130.3,2017,1
india,130.6,2017,2
india,130.8,2017,3
india,131.1,2017,4
india,131.4,2017,5
india,132.1,2017,6
india,134.2,2017,7
india,135.4,2017,8
india,135.2,2017,9
india,136.1,2017,10
india,137.6,2017,11
india,137.2,2017,12
india,136.9,2018,1
india,136.4,2018,2
india,136.5,2018,3
india,137.1,2018,4
india,137.8,2018,5
india,138.5,2018,6
india,139.8,2018,7
india,140.4,2018,8
india,140.2,2018,9
india,140.6,2018,10
india,140.8,2018,11
india,140.1,2018,12
india,139.6,2019,1
india,139.9,2019,2
india,140.4,2019,3
india,141.2,2019,4
india,142.0,2019,5
india,142.9,2019,6
india,144.2,2019,7
india,145.0,2019,8
india,145.8,2019,9
india,147.2,2019,10
india,148.6,2019,11
india,150.4,2019,12
india,150.2,2020,1
india,149.1,2020,2
india,148.6,2020,3
india,151.4,2020,4
india,150.9,2020,5
india,151.8,2020,6
india,153.9,2020,7
india,154.7,2020,8
india,156.4,2020,9
india,158.4,2020,10
india,158.9,2020,11
india,157.3,2020,12
india,156.3,2021,1
india,156.6,2021,2
india,156.8,2021,3
india,157.8,2021,4
india,160.4,2021,5
india,161.3,2021,6
india,162.5,2021,7
india,162.9,2021,8
india,163.2,2021,9
india,165.5,2021,10
india,166.7,2021,11
india,166.1,2021,12
india,165.7,2022,1
india,166.1,2022,2
india,167.7,2022,3
india,170.1,2022,4
india,171.7,2022,5
india,172.6,2022,6
india,173.4,2022,7
india,174.3,2022,8
india,175.3,2022,9
india,176.7,2022,10
india,176.5,2022,11
india,175.7,2022,12
india,176.5,2023,1
india,176.8,2023,2
india,177.2,2023,3
india,178.1,2023,4
india,179.0,2023,5
india,181.0,2023,6
india,186.3,2023,7
india,186.2,2023,8
india,184.1,2023,9
india,185.3,2023,10
india,186.3,2023,11
india,185.7,2023,12
india,185.5,2024,1
india,185.8,2024,2
india,185.8,2024,3
india,186.7,2024,4
india,187.7,2024,5
india,190.2,2024,6
india,193.0,2024,7
india,193.0,2024,8
india,194.2,2024,9
india,196.8,2024,10
india,196.5,2024,11
india,195.4,2024,12
india,193.4,2025,1
india,192.5,2025,2
india,192.0,2025,3
india,192.6,2025,4
india,193.0,2025,5
india,194.2,2025,6
india,196.1,2025,7
india,197.0,2025,8
india,197.0,2025,9
india,197.3,2025,10
india,197.9,2025,11
india,198.0,2025,12
italy,85.43767,2006,1
italy,85.63729,2006,2
italy,85.83691,2006,3
italy,86.10307,2006,4
italy,86.36923,2006,5
italy,86.43578,2006,6
italy,86.70193,2006,7
italy,86.83501,2006,8
italy,86.76847,2006,9
italy,86.70193,2006,10
italy,86.76847,2006,11
italy,86.83501,2006,12
italy,86.90155,2007,1
italy,87.16772,2007,2
italy,87.3008,2007,3
italy,87.43388,2007,4
italy,87.70004,2007,5
italy,87.89966,2007,6
italy,88.09928,2007,7
italy,88.23236,2007,8
italy,88.23236,2007,9
italy,88.49852,2007,10
italy,88.83122,2007,11
italy,89.09738,2007,12
italy,89.49662,2008,1
italy,89.69624,2008,2
italy,90.16203,2008,3
italy,90.36165,2008,4
italy,90.82743,2008,5
italy,91.22667,2008,6
italy,91.69245,2008,7
italy,91.82553,2008,8
italy,91.55937,2008,9
italy,91.55937,2008,10
italy,91.22667,2008,11
italy,91.09359,2008,12
italy,90.96051,2009,1
italy,91.16013,2009,2
italy,91.22667,2009,3
italy,91.42629,2009,4
italy,91.62591,2009,5
italy,91.69245,2009,6
italy,91.69245,2009,7
italy,91.95861,2009,8
italy,91.759,2009,9
italy,91.82553,2009,10
italy,91.82553,2009,11
italy,92.02515,2009,12
italy,92.15823,2010,1
italy,92.22477,2010,2
italy,92.49094,2010,3
italy,92.82363,2010,4
italy,92.89017,2010,5
italy,92.89017,2010,6
italy,93.22288,2010,7
italy,93.4225,2010,8
italy,93.22288,2010,9
italy,93.4225,2010,10
italy,93.4225,2010,11
italy,93.7552,2010,12
italy,94.13953,2011,1
italy,94.4186,2011,2
italy,94.7907,2011,3
italy,95.25581,2011,4
italy,95.34884,2011,5
italy,95.44186,2011,6
italy,95.72093,2011,7
italy,96.0,2011,8
italy,96.0,2011,9
italy,96.55814,2011,10
italy,96.46512,2011,11
italy,96.83721,2011,12
italy,97.11628,2012,1
italy,97.48837,2012,2
italy,97.95349,2012,3
italy,98.4186,2012,4
italy,98.4186,2012,5
italy,98.60465,2012,6
italy,98.69768,2012,7
italy,99.06977,2012,8
italy,99.06977,2012,9
italy,99.06977,2012,10
italy,98.88372,2012,11
italy,99.06977,2012,12
italy,99.25581,2013,1
italy,99.34884,2013,2
italy,99.53488,2013,3
italy,99.53488,2013,4
italy,99.53488,2013,5
italy,99.81396,2013,6
italy,99.90697,2013,7
italy,100.2791,2013,8
italy,100.0,2013,9
italy,99.81396,2013,10
italy,99.53488,2013,11
italy,99.72093,2013,12
italy,99.90697,2014,1
italy,99.81396,2014,2
italy,99.90697,2014,3
italy,100.093,2014,4
italy,100.0,2014,5
italy,100.093,2014,6
italy,100.0,2014,7
italy,100.186,2014,8
italy,99.81396,2014,9
italy,99.90697,2014,10
italy,99.72093,2014,11
italy,99.72093,2014,12
italy,99.34884,2015,1
italy,99.72093,2015,2
italy,99.81396,2015,3
italy,100.0,2015,4
italy,100.093,2015,5
italy,100.2791,2015,6
italy,100.186,2015,7
italy,100.3721,2015,8
italy,100.0,2015,9
italy,100.186,2015,10
italy,99.81396,2015,11
italy,99.81396,2015,12
italy,99.6,2016,1
italy,99.4,2016,2
italy,99.6,2016,3
italy,99.5,2016,4
italy,99.8,2016,5
italy,99.9,2016,6
italy,100.1,2016,7
italy,100.3,2016,8
italy,100.1,2016,9
italy,100.0,2016,10
italy,99.9,2016,11
italy,100.3,2016,12
italy,100.6,2017,1
italy,101.0,2017,2
italy,101.0,2017,3
italy,101.4,2017,4
italy,101.2,2017,5
italy,101.1,2017,6
italy,101.2,2017,7
italy,101.5,2017,8
italy,101.2,2017,9
italy,101.0,2017,10
italy,100.8,2017,11
italy,101.2,2017,12
italy,101.5,2018,1
italy,101.5,2018,2
italy,101.8,2018,3
italy,101.9,2018,4
italy,102.2,2018,5
italy,102.4,2018,6
italy,102.7,2018,7
italy,103.1,2018,8
italy,102.6,2018,9
italy,102.6,2018,10
italy,102.4,2018,11
italy,102.3,2018,12
italy,102.4,2019,1
italy,102.5,2019,2
italy,102.8,2019,3
italy,103.0,2019,4
italy,103.0,2019,5
italy,103.1,2019,6
italy,103.1,2019,7
italy,103.5,2019,8
italy,102.9,2019,9
italy,102.8,2019,10
italy,102.6,2019,11
italy,102.8,2019,12
italy,102.9,2020,1
italy,102.8,2020,2
italy,102.9,2020,3
italy,103.0,2020,4
italy,102.8,2020,5
italy,102.9,2020,6
italy,102.7,2020,7
italy,103.0,2020,8
italy,102.3,2020,9
italy,102.5,2020,10
italy,102.4,2020,11
italy,102.6,2020,12
italy,103.3,2021,1
italy,103.4,2021,2
italy,103.7,2021,3
italy,104.1,2021,4
italy,104.1,2021,5
italy,104.2,2021,6
italy,104.7,2021,7
italy,105.1,2021,8
italy,104.9,2021,9
italy,105.6,2021,10
italy,106.2,2021,11
italy,106.6,2021,12
italy,108.3,2022,1
italy,109.3,2022,2
italy,110.4,2022,3
italy,110.3,2022,4
italy,111.2,2022,5
italy,112.5,2022,6
italy,113.0,2022,7
italy,113.9,2022,8
italy,114.2,2022,9
italy,118.1,2022,10
italy,118.7,2022,11
italy,119.0,2022,12
italy,119.1,2023,1
italy,119.3,2023,2
italy,118.8,2023,3
italy,119.3,2023,4
italy,119.7,2023,5
italy,119.7,2023,6
italy,119.7,2023,7
italy,120.1,2023,8
italy,120.3,2023,9
italy,120.1,2023,10
italy,119.5,2023,11
italy,119.7,2023,12
italy,120.1,2024,1
italy,120.2,2024,2
italy,120.2,2024,3
italy,120.3,2024,4
italy,120.6,2024,5
italy,120.7,2024,6
italy,121.2,2024,7
italy,121.4,2024,8
italy,121.2,2024,9
italy,121.2,2024,10
italy,121.1,2024,11
italy,121.2,2024,12
italy,121.9,2025,1
italy,122.1,2025,2
italy,122.5,2025,3
italy,122.6,2025,4
italy,122.5,2025,5
italy,122.7,2025,6
italy,123.2,2025,7
italy,123.3,2025,8
italy,123.1,2025,9
italy,122.7,2025,10
italy,122.4,2025,11
italy,122.6,2025,12
italy,123.0904,2026,1
italy,123.9486,2026,2
japan,95.19295336787565,2006,1
japan,94.8982383419689,2006,2
japan,95.09471502590674,2006,3
japan,95.29119170984455,2006,4
japan,95.5859067357513,2006,5
japan,95.5859067357513,2006,6
japan,95.29119170984455,2006,7
japan,95.97886010362696,2006,8
japan,95.97886010362696,2006,9
japan,95.78238341968913,2006,10
japan,95.29119170984455,2006,11
japan,95.38943005181348,2006,12
japan,95.19295336787565,2007,1
japan,94.70176165803109,2007,2
japan,94.99647668393783,2007,3
japan,95.29119170984455,2007,4
japan,95.5859067357513,2007,5
japan,95.38943005181348,2007,6
japan,95.29119170984455,2007,7
japan,95.78238341968913,2007,8
japan,95.78238341968913,2007,9
japan,96.07709844559587,2007,10
japan,95.88062176165803,2007,11
japan,96.07709844559587,2007,12
japan,95.88062176165803,2008,1
japan,95.68414507772022,2008,2
japan,96.17533678756477,2008,3
japan,96.07709844559587,2008,4
japan,96.86300518134715,2008,5
japan,97.2559585492228,2008,6
japan,97.45243523316061,2008,7
japan,97.74715025906735,2008,8
japan,97.74715025906735,2008,9
japan,97.64891191709845,2008,10
japan,96.86300518134715,2008,11
japan,96.47005181347151,2008,12
japan,95.88062176165803,2009,1
japan,95.5859067357513,2009,2
japan,95.88062176165803,2009,3
japan,95.97886010362696,2009,4
japan,95.78238341968913,2009,5
japan,95.5859067357513,2009,6
japan,95.29119170984455,2009,7
japan,95.5859067357513,2009,8
japan,95.5859067357513,2009,9
japan,95.19295336787565,2009,10
japan,94.99647668393783,2009,11
japan,94.8,2009,12
japan,94.9,2010,1
japan,94.9,2010,2
japan,95.1,2010,3
japan,95.1,2010,4
japan,95.1,2010,5
japan,94.9,2010,6
japan,94.4,2010,7
japan,94.5,2010,8
japan,94.7,2010,9
japan,95.0,2010,10
japan,94.7,2010,11
japan,94.5,2010,12
japan,94.4,2011,1
japan,94.4,2011,2
japan,94.6,2011,3
japan,94.7,2011,4
japan,94.7,2011,5
japan,94.6,2011,6
japan,94.6,2011,7
japan,94.7,2011,8
japan,94.7,2011,9
japan,94.8,2011,10
japan,94.2,2011,11
japan,94.3,2011,12
japan,94.5,2012,1
japan,94.7,2012,2
japan,95.1,2012,3
japan,95.2,2012,4
japan,94.9,2012,5
japan,94.4,2012,6
japan,94.1,2012,7
japan,94.3,2012,8
japan,94.4,2012,9
japan,94.4,2012,10
japan,94.1,2012,11
japan,94.1,2012,12
japan,94.2,2013,1
japan,94.0,2013,2
japan,94.2,2013,3
japan,94.5,2013,4
japan,94.6,2013,5
japan,94.6,2013,6
japan,94.8,2013,7
japan,95.1,2013,8
japan,95.4,2013,9
japan,95.5,2013,10
japan,95.5,2013,11
japan,95.6,2013,12
japan,95.5,2014,1
japan,95.5,2014,2
japan,95.7,2014,3
japan,97.7,2014,4
japan,98.1,2014,5
japan,98.0,2014,6
japan,98.1,2014,7
japan,98.3,2014,8
japan,98.5,2014,9
japan,98.2,2014,10
japan,97.9,2014,11
japan,97.9,2014,12
japan,97.8,2015,1
japan,97.6,2015,2
japan,97.9,2015,3
japan,98.4,2015,4
japan,98.7,2015,5
japan,98.4,2015,6
japan,98.3,2015,7
japan,98.4,2015,8
japan,98.5,2015,9
japan,98.5,2015,10
japan,98.1,2015,11
japan,98.1,2015,12
japan,97.7,2016,1
japan,97.8,2016,2
japan,97.9,2016,3
japan,98.1,2016,4
japan,98.2,2016,5
japan,98.1,2016,6
japan,97.9,2016,7
japan,97.9,2016,8
japan,98.0,2016,9
japan,98.6,2016,10
japan,98.6,2016,11
japan,98.4,2016,12
japan,98.2,2017,1
japan,98.1,2017,2
japan,98.1,2017,3
japan,98.5,2017,4
japan,98.6,2017,5
japan,98.5,2017,6
japan,98.3,2017,7
japan,98.5,2017,8
japan,98.8,2017,9
japan,98.8,2017,10
japan,99.1,2017,11
japan,99.4,2017,12
japan,99.5,2018,1
japan,99.5,2018,2
japan,99.2,2018,3
japan,99.1,2018,4
japan,99.3,2018,5
japan,99.2,2018,6
japan,99.2,2018,7
japan,99.8,2018,8
japan,99.9,2018,9
japan,100.2,2018,10
japan,100.0,2018,11
japan,99.7,2018,12
japan,99.7,2019,1
japan,99.7,2019,2
japan,99.7,2019,3
japan,100.0,2019,4
japan,100.0,2019,5
japan,99.8,2019,6
japan,99.8,2019,7
japan,100.0,2019,8
japan,100.1,2019,9
japan,100.4,2019,10
japan,100.5,2019,11
japan,100.5,2019,12
japan,100.5,2020,1
japan,100.3,2020,2
japan,100.3,2020,3
japan,100.2,2020,4
japan,100.1,2020,5
japan,99.9,2020,6
japan,100.0,2020,7
japan,100.1,2020,8
japan,99.9,2020,9
japan,99.8,2020,10
japan,99.5,2020,11
japan,99.3,2020,12
japan,99.8,2021,1
japan,99.8,2021,2
japan,99.9,2021,3
japan,99.1,2021,4
japan,99.4,2021,5
japan,99.5,2021,6
japan,99.7,2021,7
japan,99.7,2021,8
japan,100.1,2021,9
japan,99.9,2021,10
japan,100.1,2021,11
japan,100.1,2021,12
japan,100.3,2022,1
japan,100.7,2022,2
japan,101.1,2022,3
japan,101.5,2022,4
japan,101.8,2022,5
japan,101.8,2022,6
japan,102.3,2022,7
japan,102.7,2022,8
japan,103.1,2022,9
japan,103.7,2022,10
japan,103.9,2022,11
japan,104.1,2022,12
japan,104.7,2023,1
japan,104.0,2023,2
japan,104.4,2023,3
japan,105.1,2023,4
japan,105.1,2023,5
japan,105.2,2023,6
japan,105.7,2023,7
japan,105.9,2023,8
japan,106.2,2023,9
japan,107.1,2023,10
japan,106.9,2023,11
japan,106.8,2023,12
japan,106.9,2024,1
japan,106.9,2024,2
japan,107.2,2024,3
japan,107.7,2024,4
japan,108.1,2024,5
japan,108.2,2024,6
japan,108.6,2024,7
japan,109.1,2024,8
japan,108.9,2024,9
japan,109.5,2024,10
japan,110.0,2024,11
japan,110.7,2024,12
japan,111.2,2025,1
japan,110.8,2025,2
japan,111.1,2025,3
japan,111.5,2025,4
japan,111.8,2025,5
japan,111.7,2025,6
japan,111.9,2025,7
japan,112.1,2025,8
japan,112.0,2025,9
japan,112.8,2025,10
japan,113.2,2025,11
japan,113.0,2025,12
japan,112.9,2026,1
japan,112.2,2026,2
south_korea,75.231,2006,1
south_korea,75.381,2006,2
south_korea,75.827,2006,3
south_korea,75.902,2006,4
south_korea,76.05,2006,5
south_korea,75.902,2006,6
south_korea,76.199,2006,7
south_korea,76.645,2006,8
south_korea,76.868,2006,9
south_korea,76.496,2006,10
south_korea,76.125,2006,11
south_korea,76.348,2006,12
south_korea,76.496,2007,1
south_korea,77.017,2007,2
south_korea,77.464,2007,3
south_korea,77.761,2007,4
south_korea,77.836,2007,5
south_korea,77.836,2007,6
south_korea,78.134,2007,7
south_korea,78.208,2007,8
south_korea,78.655,2007,9
south_korea,78.803,2007,10
south_korea,78.803,2007,11
south_korea,79.101,2007,12
south_korea,79.472,2008,1
south_korea,79.771,2008,2
south_korea,80.515,2008,3
south_korea,80.962,2008,4
south_korea,81.63,2008,5
south_korea,82.151,2008,6
south_korea,82.747,2008,7
south_korea,82.598,2008,8
south_korea,82.673,2008,9
south_korea,82.598,2008,10
south_korea,82.375,2008,11
south_korea,82.375,2008,12
south_korea,82.45,2009,1
south_korea,83.045,2009,2
south_korea,83.64,2009,3
south_korea,83.862,2009,4
south_korea,83.862,2009,5
south_korea,83.788,2009,6
south_korea,84.086,2009,7
south_korea,84.384,2009,8
south_korea,84.459,2009,9
south_korea,84.235,2009,10
south_korea,84.384,2009,11
south_korea,84.682,2009,12
south_korea,85.351,2010,1
south_korea,85.523,2010,2
south_korea,85.696,2010,3
south_korea,86.041,2010,4
south_korea,86.128,2010,5
south_korea,86.041,2010,6
south_korea,86.214,2010,7
south_korea,86.647,2010,8
south_korea,87.337,2010,9
south_korea,87.337,2010,10
south_korea,86.906,2010,11
south_korea,87.251,2010,12
south_korea,88.288,2011,1
south_korea,88.892,2011,2
south_korea,89.238,2011,3
south_korea,89.325,2011,4
south_korea,89.497,2011,5
south_korea,89.67,2011,6
south_korea,90.102,2011,7
south_korea,90.707,2011,8
south_korea,90.62,2011,9
south_korea,90.448,2011,10
south_korea,90.534,2011,11
south_korea,90.879,2011,12
south_korea,91.242,2012,1
south_korea,91.588,2012,2
south_korea,91.614,2012,3
south_korea,91.605,2012,4
south_korea,91.769,2012,5
south_korea,91.639,2012,6
south_korea,91.432,2012,7
south_korea,91.855,2012,8
south_korea,92.512,2012,9
south_korea,92.339,2012,10
south_korea,92.011,2012,11
south_korea,92.175,2012,12
south_korea,92.728,2013,1
south_korea,93.038,2013,2
south_korea,92.952,2013,3
south_korea,92.823,2013,4
south_korea,92.823,2013,5
south_korea,92.71,2013,6
south_korea,92.909,2013,7
south_korea,93.238,2013,8
south_korea,93.419,2013,9
south_korea,93.134,2013,10
south_korea,93.116,2013,11
south_korea,93.229,2013,12
south_korea,93.73,2014,1
south_korea,93.98,2014,2
south_korea,94.153,2014,3
south_korea,94.214,2014,4
south_korea,94.369,2014,5
south_korea,94.248,2014,6
south_korea,94.386,2014,7
south_korea,94.551,2014,8
south_korea,94.49,2014,9
south_korea,94.205,2014,10
south_korea,94.015,2014,11
south_korea,94.006,2014,12
south_korea,94.643,2015,1
south_korea,94.587,2015,2
south_korea,94.596,2015,3
south_korea,94.625,2015,4
south_korea,94.89,2015,5
south_korea,94.909,2015,6
south_korea,95.08,2015,7
south_korea,95.213,2015,8
south_korea,94.966,2015,9
south_korea,94.966,2015,10
south_korea,94.786,2015,11
south_korea,95.07,2015,12
south_korea,95.232,2016,1
south_korea,95.64,2016,2
south_korea,95.393,2016,3
south_korea,95.573,2016,4
south_korea,95.63,2016,5
south_korea,95.611,2016,6
south_korea,95.431,2016,7
south_korea,95.677,2016,8
south_korea,96.247,2016,9
south_korea,96.379,2016,10
south_korea,96.237,2016,11
south_korea,96.342,2016,12
south_korea,97.366,2017,1
south_korea,97.632,2017,2
south_korea,97.565,2017,3
south_korea,97.442,2017,4
south_korea,97.546,2017,5
south_korea,97.338,2017,6
south_korea,97.499,2017,7
south_korea,98.058,2017,8
south_korea,98.172,2017,9
south_korea,98.077,2017,10
south_korea,97.347,2017,11
south_korea,97.698,2017,12
south_korea,98.106,2018,1
south_korea,98.855,2018,2
south_korea,98.751,2018,3
south_korea,98.931,2018,4
south_korea,98.979,2018,5
south_korea,98.779,2018,6
south_korea,98.59,2018,7
south_korea,99.462,2018,8
south_korea,100.221,2018,9
south_korea,100.041,2018,10
south_korea,99.33,2018,11
south_korea,98.988,2018,12
south_korea,98.884,2019,1
south_korea,99.311,2019,2
south_korea,99.121,2019,3
south_korea,99.481,2019,4
south_korea,99.652,2019,5
south_korea,99.491,2019,6
south_korea,99.187,2019,7
south_korea,99.425,2019,8
south_korea,99.794,2019,9
south_korea,100.041,2019,10
south_korea,99.481,2019,11
south_korea,99.719,2019,12
south_korea,100.09,2020,1
south_korea,100.16,2020,2
south_korea,99.94,2020,3
south_korea,99.5,2020,4
south_korea,99.44,2020,5
south_korea,99.71,2020,6
south_korea,99.63,2020,7
south_korea,100.19,2020,8
south_korea,100.74,2020,9
south_korea,100.18,2020,10
south_korea,100.09,2020,11
south_korea,100.33,2020,12
south_korea,101.04,2021,1
south_korea,101.58,2021,2
south_korea,101.84,2021,3
south_korea,101.98,2021,4
south_korea,102.05,2021,5
south_korea,102.05,2021,6
south_korea,102.26,2021,7
south_korea,102.75,2021,8
south_korea,103.17,2021,9
south_korea,103.35,2021,10
south_korea,103.87,2021,11
south_korea,104.04,2021,12
south_korea,104.85,2022,1
south_korea,105.42,2022,2
south_korea,106.1,2022,3
south_korea,106.83,2022,4
south_korea,107.5,2022,5
south_korea,108.21,2022,6
south_korea,108.73,2022,7
south_korea,108.63,2022,8
south_korea,108.82,2022,9
south_korea,109.16,2022,10
south_korea,109.07,2022,11
south_korea,109.26,2022,12
south_korea,110.07,2023,1
south_korea,110.33,2023,2
south_korea,110.52,2023,3
south_korea,110.77,2023,4
south_korea,111.13,2023,5
south_korea,111.16,2023,6
south_korea,111.29,2023,7
south_korea,112.28,2023,8
south_korea,112.85,2023,9
south_korea,113.27,2023,10
south_korea,112.68,2023,11
south_korea,112.73,2023,12
south_korea,113.17,2024,1
south_korea,113.78,2024,2
south_korea,113.95,2024,3
south_korea,114.01,2024,4
south_korea,114.1,2024,5
south_korea,113.84,2024,6
south_korea,114.13,2024,7
south_korea,114.54,2024,8
south_korea,114.65,2024,9
south_korea,114.69,2024,10
south_korea,114.4,2024,11
south_korea,114.91,2024,12
south_korea,115.71,2025,1
south_korea,116.08,2025,2
south_korea,116.29,2025,3
south_korea,116.38,2025,4
south_korea,116.27,2025,5
south_korea,116.31,2025,6
south_korea,116.52,2025,7
south_korea,116.45,2025,8
south_korea,117.06,2025,9
south_korea,117.42,2025,10
south_korea,117.2,2025,11
south_korea,117.57,2025,12
south_korea,118.03,2026,1
south_korea,118.4,2026,2
mexico,60.60363,2006,1
mexico,60.69636,2006,2
mexico,60.77251,2006,3
mexico,60.86162,2006,4
mexico,60.59068,2006,5
mexico,60.643,2006,6
mexico,60.80929,2006,7
mexico,61.11961,2006,8
mexico,61.73661,2006,9
mexico,62.00652,2006,10
mexico,62.33186,2006,11
mexico,62.69242,2006,12
mexico,63.01621,2007,1
mexico,63.19235,2007,2
mexico,63.32911,2007,3
mexico,63.29129,2007,4
mexico,62.98253,2007,5
mexico,63.05817,2007,6
mexico,63.326,2007,7
mexico,63.584,2007,8
mexico,64.07771,2007,9
mexico,64.32741,2007,10
mexico,64.78122,2007,11
mexico,65.04906,2007,12
mexico,65.35056,2008,1
mexico,65.54484,2008,2
mexico,66.01989,2008,3
mexico,66.17013,2008,4
mexico,66.09863,2008,5
mexico,66.37217,2008,6
mexico,66.74206,2008,7
mexico,67.12749,2008,8
mexico,67.58494,2008,9
mexico,68.04549,2008,10
mexico,68.81894,2008,11
mexico,69.29556,2008,12
mexico,69.45615,2009,1
mexico,69.6095,2009,2
mexico,70.00995,2009,3
mexico,70.25499,2009,4
mexico,70.05036,2009,5
mexico,70.17935,2009,6
mexico,70.37051,2009,7
mexico,70.53889,2009,8
mexico,70.89272,2009,9
mexico,71.10719,2009,10
mexico,71.47604,2009,11
mexico,71.77186,2009,12
mexico,72.55205,2010,1
mexico,72.97167,2010,2
mexico,73.48972,2010,3
mexico,73.25556,2010,4
mexico,72.79398,2010,5
mexico,72.77119,2010,6
mexico,72.92919,2010,7
mexico,73.13175,2010,8
mexico,73.51511,2010,9
mexico,73.96893,2010,10
mexico,74.56158,2010,11
mexico,74.93095,2010,12
mexico,75.29599,2011,1
mexico,75.57846,2011,2
mexico,75.72345,2011,3
mexico,75.71744,2011,4
mexico,75.15926,2011,5
mexico,75.15551,2011,6
mexico,75.51611,2011,7
mexico,75.63555,2011,8
mexico,75.82111,2011,9
mexico,76.33271,2011,10
mexico,77.15833,2011,11
mexico,77.79239,2011,12
mexico,78.34305,2012,1
mexico,78.50231,2012,2
mexico,78.54739,2012,3
mexico,78.30098,2012,4
mexico,78.05382,2012,5
mexico,78.41367,2012,6
mexico,78.8539,2012,7
mexico,79.09054,2012,8
mexico,79.43912,2012,9
mexico,79.84103,2012,10
mexico,80.38344,2012,11
mexico,80.56824,2012,12
mexico,80.89278,2013,1
mexico,81.29094,2013,2
mexico,81.88744,2013,3
mexico,81.94152,2013,4
mexico,81.66882,2013,5
mexico,81.61924,2013,6
mexico,81.59219,2013,7
mexico,81.82433,2013,8
mexico,82.13234,2013,9
mexico,82.52299,2013,10
mexico,83.29227,2013,11
mexico,83.77006,2013,12
mexico,84.51905,2014,1
mexico,84.73315,2014,2
mexico,84.96529,2014,3
mexico,84.80678,2014,4
mexico,84.53558,2014,5
mexico,84.68208,2014,6
mexico,84.91496,2014,7
mexico,85.21996,2014,8
mexico,85.59634,2014,9
mexico,86.06963,2014,10
mexico,86.76378,2014,11
mexico,87.18898,2014,12
mexico,87.1101,2015,1
mexico,87.27538,2015,2
mexico,87.63071,2015,3
mexico,87.40384,2015,4
mexico,86.96737,2015,5
mexico,87.11311,2015,6
mexico,87.24082,2015,7
mexico,87.42487,2015,8
mexico,87.75242,2015,9
mexico,88.20392,2015,10
mexico,88.68547,2015,11
mexico,89.04681,2015,12
mexico,89.38638,2016,1
mexico,89.77778,2016,2
mexico,89.91,2016,3
mexico,89.62527,2016,4
mexico,89.22562,2016,5
mexico,89.32403,2016,6
mexico,89.55692,2016,7
mexico,89.80933,2016,8
mexico,90.35774,2016,9
mexico,90.90615,2016,10
mexico,91.61684,2016,11
mexico,92.03903,2016,12
mexico,93.60388,2017,1
mexico,94.14478,2017,2
mexico,94.72249,2017,3
mexico,94.83894,2017,4
mexico,94.72549,2017,5
mexico,94.96364,2017,6
mexico,95.32274,2017,7
mexico,95.79377,2017,8
mexico,96.09351,2017,9
mexico,96.69827,2017,10
mexico,97.69518,2017,11
mexico,98.27288,2017,12
mexico,98.795,2018,1
mexico,99.17137,2018,2
mexico,99.49216,2018,3
mexico,99.15485,2018,4
mexico,98.99408,2018,5
mexico,99.37646,2018,6
mexico,99.9091,2018,7
mexico,100.492,2018,8
mexico,100.917,2018,9
mexico,101.44,2018,10
mexico,102.303,2018,11
mexico,103.02,2018,12
mexico,103.108,2019,1
mexico,103.079,2019,2
mexico,103.476,2019,3
mexico,103.531,2019,4
mexico,103.233,2019,5
mexico,103.299,2019,6
mexico,103.687,2019,7
mexico,103.67,2019,8
mexico,103.942,2019,9
mexico,104.503,2019,10
mexico,105.346,2019,11
mexico,105.934,2019,12
mexico,106.447,2020,1
mexico,106.889,2020,2
mexico,106.838,2020,3
mexico,105.755,2020,4
mexico,106.162,2020,5
mexico,106.743,2020,6
mexico,107.444,2020,7
mexico,107.867,2020,8
mexico,108.114,2020,9
mexico,108.774,2020,10
mexico,108.856,2020,11
mexico,109.271,2020,12
mexico,110.21,2021,1
mexico,110.907,2021,2
mexico,111.824,2021,3
mexico,112.19,2021,4
mexico,112.419,2021,5
mexico,113.018,2021,6
mexico,113.682,2021,7
mexico,113.899,2021,8
mexico,114.601,2021,9
mexico,115.561,2021,10
mexico,116.884,2021,11
mexico,117.308,2021,12
mexico,118.002,2022,1
mexico,118.981,2022,2
mexico,120.159,2022,3
mexico,120.809,2022,4
mexico,121.022,2022,5
mexico,122.044,2022,6
mexico,122.948,2022,7
mexico,123.803,2022,8
mexico,124.571,2022,9
mexico,125.276,2022,10
mexico,125.997,2022,11
mexico,126.478,2022,12
mexico,127.336,2023,1
mexico,128.046,2023,2
mexico,128.389,2023,3
mexico,128.363,2023,4
mexico,128.084,2023,5
mexico,128.214,2023,6
mexico,128.832,2023,7
mexico,129.545,2023,8
mexico,130.12,2023,9
mexico,130.609,2023,10
mexico,131.445,2023,11
mexico,132.373,2023,12
mexico,133.555,2024,1
mexico,133.681,2024,2
mexico,134.065,2024,3
mexico,134.336,2024,4
mexico,134.087,2024,5
mexico,134.594,2024,6
mexico,136.003,2024,7
mexico,136.013,2024,8
mexico,136.08,2024,9
mexico,136.828,2024,10
mexico,137.424,2024,11
mexico,137.949,2024,12
mexico,138.343,2025,1
mexico,138.726,2025,2
mexico,139.161,2025,3
mexico,139.62,2025,4
mexico,140.012,2025,5
mexico,140.405,2025,6
mexico,140.78,2025,7
mexico,140.867,2025,8
mexico,141.15,2025,9
mexico,141.708,2025,10
mexico,142.645,2025,11
mexico,143.042,2025,12
mexico,143.588,2026,1
mexico,144.307,2026,2
russia,64.98749,2006,1
russia,66.06628,2006,2
russia,66.60802,2006,3
russia,66.84116,2006,4
russia,67.16199,2006,5
russia,67.35004,2006,6
russia,67.80129,2006,7
russia,67.93011,2006,8
russia,67.99125,2006,9
russia,68.18163,2006,10
russia,68.61117,2006,11
russia,69.1532,2006,12
russia,70.31497,2007,1
russia,71.09547,2007,2
russia,71.51493,2007,3
russia,71.92257,2007,4
russia,72.37568,2007,5
russia,73.06325,2007,6
russia,73.6989,2007,7
russia,73.76523,2007,8
russia,74.34797,2007,9
russia,75.56728,2007,10
russia,76.49676,2007,11
russia,77.36117,2007,12
russia,79.14822,2008,1
russia,80.09799,2008,2
russia,81.05917,2008,3
russia,82.21021,2008,4
russia,83.32005,2008,5
russia,84.12825,2008,6
russia,84.5573,2008,7
russia,84.86171,2008,8
russia,85.5406,2008,9
russia,86.31902,2008,10
russia,87.03547,2008,11
russia,87.63602,2008,12
russia,89.71299,2009,1
russia,91.19325,2009,2
russia,92.38789,2009,3
russia,93.02536,2009,4
russia,93.5556,2009,5
russia,94.11694,2009,6
russia,94.70988,2009,7
russia,94.70988,2009,8
russia,94.68147,2009,9
russia,94.68147,2009,10
russia,94.95604,2009,11
russia,95.34536,2009,12
russia,96.90903,2010,1
russia,97.74244,2010,2
russia,98.35822,2010,3
russia,98.64346,2010,4
russia,99.13667,2010,5
russia,99.52331,2010,6
russia,99.88159,2010,7
russia,100.4309,2010,8
russia,101.2746,2010,9
russia,101.7809,2010,10
russia,102.6054,2010,11
russia,103.7135,2010,12
russia,106.1715,2011,1
russia,106.9996,2011,2
russia,107.663,2011,3
russia,108.126,2011,4
russia,108.645,2011,5
russia,108.8949,2011,6
russia,108.884,2011,7
russia,108.6227,2011,8
russia,108.5792,2011,9
russia,109.1004,2011,10
russia,109.5586,2011,11
russia,110.0407,2011,12
russia,110.5909,2012,1
russia,111.0001,2012,2
russia,111.6439,2012,3
russia,111.99,2012,4
russia,112.5723,2012,5
russia,113.5742,2012,6
russia,114.9712,2012,7
russia,115.0861,2012,8
russia,115.7191,2012,9
russia,116.2514,2012,10
russia,116.6467,2012,11
russia,117.2766,2012,12
russia,118.4142,2013,1
russia,119.0773,2013,2
russia,119.4821,2013,3
russia,120.0915,2013,4
russia,120.8841,2013,5
russia,121.3918,2013,6
russia,122.3872,2013,7
russia,122.5586,2013,8
russia,122.8159,2013,9
russia,123.516,2013,10
russia,124.2234,2013,11
russia,124.8385,2013,12
russia,125.575,2014,1
russia,126.4541,2014,2
russia,127.7439,2014,3
russia,128.8936,2014,4
russia,130.0536,2014,5
russia,130.86,2014,6
russia,131.5012,2014,7
russia,131.8168,2014,8
russia,132.6736,2014,9
russia,133.7615,2014,10
russia,135.4737,2014,11
russia,139.0231,2014,12
russia,144.3755,2015,1
russia,147.5806,2015,2
russia,149.3663,2015,3
russia,150.0534,2015,4
russia,150.5786,2015,5
russia,150.8647,2015,6
russia,152.0716,2015,7
russia,152.6039,2015,8
russia,153.4737,2015,9
russia,154.6094,2015,10
russia,155.769,2015,11
russia,156.9684,2015,12
russia,158.4753,2016,1
russia,159.4737,2016,2
russia,160.2073,2016,3
russia,160.9122,2016,4
russia,161.5719,2016,5
russia,162.1536,2016,6
russia,163.0292,2016,7
russia,163.0455,2016,8
russia,163.3227,2016,9
russia,164.025,2016,10
russia,164.7467,2016,11
russia,165.4057,2016,12
russia,166.4312,2017,1
russia,166.7973,2017,2
russia,167.0142,2017,3
russia,167.5653,2017,4
russia,168.1853,2017,5
russia,169.2113,2017,6
russia,169.3297,2017,7
russia,168.4153,2017,8
russia,168.1627,2017,9
russia,168.499,2017,10
russia,168.8697,2017,11
russia,169.579,2017,12
russia,170.1047,2018,1
russia,170.4619,2018,2
russia,170.9562,2018,3
russia,171.6059,2018,4
russia,172.258,2018,5
russia,173.102,2018,6
russia,173.5694,2018,7
russia,173.5868,2018,8
russia,173.8645,2018,9
russia,174.473,2018,10
russia,175.3454,2018,11
russia,176.8183,2018,12
russia,178.6042,2019,1
russia,179.39,2019,2
russia,179.9641,2019,3
russia,180.4898,2019,4
russia,181.1034,2019,5
russia,181.1759,2019,6
russia,181.5382,2019,7
russia,181.1025,2019,8
russia,180.8128,2019,9
russia,181.0478,2019,10
russia,181.5548,2019,11
russia,182.2084,2019,12
russia,182.9372,2020,1
russia,183.5409,2020,2
russia,184.5504,2020,3
russia,186.0821,2020,4
russia,186.5845,2020,5
russia,186.995,2020,6
russia,187.6495,2020,7
russia,187.5745,2020,8
russia,187.4432,2020,9
russia,188.2492,2020,10
russia,189.5857,2020,11
russia,191.1593,2020,12
russia,192.4401,2021,1
russia,193.9411,2021,2
russia,195.2211,2021,3
russia,196.3534,2021,4
russia,197.8064,2021,5
russia,199.1713,2021,6
russia,199.7887,2021,7
russia,200.1283,2021,8
russia,201.3291,2021,9
russia,203.5639,2021,10
russia,205.5181,2021,11
russia,207.2033,2021,12
russia,209.2546,2022,1
russia,211.7029,2022,2
russia,227.82,2022,3
russia,231.4,2022,4
russia,231.6,2022,5
russia,230.8,2022,6
russia,229.9,2022,7
russia,228.7,2022,8
russia,228.8,2022,9
russia,229.3,2022,10
russia,230.1,2022,11
russia,231.9,2022,12
russia,233.9,2023,1
russia,234.9,2023,2
russia,235.8,2023,3
russia,236.7,2023,4
russia,237.4,2023,5
russia,238.3,2023,6
russia,239.8,2023,7
russia,240.5,2023,8
russia,242.6,2023,9
russia,244.6,2023,10
russia,247.3,2023,11
russia,249.1,2023,12
russia,251.3,2024,1
russia,253.0,2024,2
russia,254.0,2024,3
russia,255.2,2024,4
russia,257.1,2024,5
russia,258.8,2024,6
russia,261.1,2024,7
russia,262.4,2024,8
russia,263.5,2024,9
russia,265.4,2024,10
russia,269.3,2024,11
russia,272.8,2024,12
russia,276.2,2025,1
russia,278.6,2025,2
russia,280.3,2025,3
russia,281.4,2025,4
russia,282.5,2025,5
russia,283.1,2025,6
russia,284.7,2025,7
russia,283.6,2025,8
russia,284.6,2025,9
russia,286.0,2025,10
russia,287.2,2025,11
russia,288.1,2025,12
russia,292.8,2026,1
turkiye,3.881907133135262,2006,1
turkiye,3.890389086084574,2006,2
turkiye,3.901070063872597,2006,3
turkiye,3.953218367190591,2006,4
turkiye,4.027356918895691,2006,5
turkiye,4.040865214333485,2006,6
turkiye,4.075107172536264,2006,7
turkiye,4.057200827421049,2006,8
turkiye,4.109349130739043,2006,9
turkiye,4.161497434057037,2006,10
turkiye,4.215216469402682,2006,11
turkiye,4.224955007974115,2006,12
turkiye,4.267364772720676,2007,1
turkiye,4.285585264241421,2007,2
turkiye,4.324853564932682,2007,3
turkiye,4.377001868250676,2007,4
turkiye,4.398992116637782,2007,5
turkiye,4.388311138849759,2007,6
turkiye,4.35626820548569,2007,7
turkiye,4.35721064470228,2007,8
turkiye,4.402133580693083,2007,9
turkiye,4.481926767697724,2007,10
turkiye,4.569259468435088,2007,11
turkiye,4.579312153412051,2007,12
turkiye,4.61606728285907,2008,1
turkiye,4.675755099909787,2008,2
turkiye,4.720678035900589,2008,3
turkiye,4.79984293009417,2008,4
turkiye,4.87146831055503,2008,5
turkiye,4.853876111845345,2008,6
turkiye,4.881835141937522,2008,7
turkiye,4.869897578527379,2008,8
turkiye,4.891887826914485,2008,9
turkiye,5.01911712115417,2008,10
turkiye,5.060898593089671,2008,11
turkiye,5.040164930324685,2008,12
turkiye,5.054615664979069,2009,1
turkiye,5.037337612674915,2009,2
turkiye,5.09294152645374,2009,3
turkiye,5.09388396567033,2009,4
turkiye,5.126555191845459,2009,5
turkiye,5.132209827145,2009,6
turkiye,5.145089829771734,2009,7
turkiye,5.12969665590076,2009,8
turkiye,5.149802025854685,2009,9
turkiye,5.273889856039069,2009,10
turkiye,5.340803040416977,2009,11
turkiye,5.369076216914684,2009,12
turkiye,5.468346481062191,2010,1
turkiye,5.547511375255773,2010,2
turkiye,5.579868455025372,2010,3
turkiye,5.613167974011561,2010,4
turkiye,5.593062604057635,2010,5
turkiye,5.561647963504627,2010,6
turkiye,5.534945519034569,2010,7
turkiye,5.557249913827205,2010,8
turkiye,5.625419683827234,2010,9
turkiye,5.728459704841102,2010,10
turkiye,5.730030436868752,2010,11
turkiye,5.712752384564598,2010,12
turkiye,5.736313364979354,2011,1
turkiye,5.778094836914855,2011,2
turkiye,5.802284110140672,2011,3
turkiye,5.852547535025485,2011,4
turkiye,5.994227563919554,2011,5
turkiye,5.908465595209841,2011,6
turkiye,5.884276321984024,2011,7
turkiye,5.927000233136116,2011,8
turkiye,5.971609022721388,2011,9
turkiye,6.167008086961101,2011,10
turkiye,6.273503718435799,2011,11
turkiye,6.309630555071759,2011,12
turkiye,6.345129098896659,2012,1
turkiye,6.380941789127089,2012,2
turkiye,6.407330087191616,2012,3
turkiye,6.504401326500412,2012,4
turkiye,6.490578884657088,2012,5
turkiye,6.432461799634023,2012,6
turkiye,6.417696918574109,2012,7
turkiye,6.453509608804538,2012,8
turkiye,6.520108646776916,2012,9
turkiye,6.647966233827661,2012,10
turkiye,6.673097946270068,2012,11
turkiye,6.698543805118005,2012,12
turkiye,6.808809193459064,2013,1
turkiye,6.82922870981852,2013,2
turkiye,6.874465792214852,2013,3
turkiye,6.90336726152362,2013,4
turkiye,6.913419946500583,2013,5
turkiye,6.966196542629637,2013,6
turkiye,6.987872644611213,2013,7
turkiye,6.980647277284021,2013,8
turkiye,7.034052166224135,2013,9
turkiye,7.16065316765276,2013,10
turkiye,7.16128146046382,2013,11
turkiye,7.194266833044479,2013,12
turkiye,7.336575154749607,2014,1
turkiye,7.367989795302616,2014,2
turkiye,7.450924446362558,2014,3
turkiye,7.551137149726656,2014,4
turkiye,7.580981058252014,2014,5
turkiye,7.60454203866677,2014,6
turkiye,7.639098143275079,2014,7
turkiye,7.646323510602271,2014,8
turkiye,7.657004488390294,2014,9
turkiye,7.802454274150724,2014,10
turkiye,7.816590862399577,2014,11
turkiye,7.782034757791268,2014,12
turkiye,7.867796726500981,2015,1
turkiye,7.924028933090867,2015,2
turkiye,8.017958708344363,2015,3
turkiye,8.148643613044877,2015,4
turkiye,8.19450898825227,2015,5
turkiye,8.152413369911239,2015,6
turkiye,8.15963873723843,2015,7
turkiye,8.192309963413559,2015,8
turkiye,8.265506075902069,2015,9
turkiye,8.393991955763873,2015,10
turkiye,8.449910015948229,2015,11
turkiye,8.467502214657914,2015,12
turkiye,8.621433953367655,2016,1
turkiye,8.619549074934476,2016,2
turkiye,8.616093464473645,2016,3
turkiye,8.683634941662612,2016,4
turkiye,8.733898366547425,2016,5
turkiye,8.775051545671866,2016,6
turkiye,8.877149127469146,2016,7
turkiye,8.851389122215679,2016,8
turkiye,8.867410588897712,2016,9
turkiye,8.994954029542926,2016,10
turkiye,9.04144769756138,2016,11
turkiye,9.19003894737711,2016,12
turkiye,9.416224359358772,2017,1
turkiye,9.49256193590258,2017,2
turkiye,9.589004882400317,2017,3
turkiye,9.714349298206821,2017,4
turkiye,9.757701502169972,2017,5
turkiye,9.731627350510976,2017,6
turkiye,9.74607808516536,2017,7
turkiye,9.796655656455703,2017,8
turkiye,9.860427376778311,2017,9
turkiye,10.06525083318393,2017,10
turkiye,10.21541281502731,2017,11
turkiye,10.28546746346052,2017,12
turkiye,10.39039236290756,2018,1
turkiye,10.46641579304585,2018,2
turkiye,10.5703982532763,2018,3
turkiye,10.76831048876026,2018,4
turkiye,10.94297589023498,2018,5
turkiye,11.22884911926736,2018,6
turkiye,11.29073596115679,2018,7
turkiye,11.54990674571911,2018,8
turkiye,12.27809811373785,2018,9
turkiye,12.60575281470572,2018,10
turkiye,12.42386204590381,2018,11
turkiye,12.37359862101899,2018,12
turkiye,12.5052259649361,2019,1
turkiye,12.52533133489002,2019,2
turkiye,12.65413136115736,2019,3
turkiye,12.86837920972888,2019,4
turkiye,12.99058216148008,2019,5
turkiye,12.99403777194091,2019,6
turkiye,13.17027390544329,2019,7
turkiye,13.28336661143412,2019,8
turkiye,13.41530810175675,2019,9
turkiye,13.68390327848498,2019,10
turkiye,13.73605158180297,2019,11
turkiye,13.83814916360025,2019,12
turkiye,14.02506627489065,2020,1
turkiye,14.07438726055887,2020,2
turkiye,14.15480874037457,2020,3
turkiye,14.27575510650366,2020,4
turkiye,14.47021173152678,2020,5
turkiye,14.63419615521348,2020,6
turkiye,14.71964397751767,2020,7
turkiye,14.84687327175735,2020,8
turkiye,14.99138061830119,2020,9
turkiye,15.31086751272529,2020,10
turkiye,15.66271148691898,2020,11
turkiye,15.85842469756423,2020,12
turkiye,16.12513499585927,2021,1
turkiye,16.27152722083629,2021,2
turkiye,16.44650676871655,2021,3
turkiye,16.72264145917749,2021,4
turkiye,16.87123270899322,2021,5
turkiye,17.1988874099611,2021,6
turkiye,17.50926405862482,2021,7
turkiye,17.7052914156756,2021,8
turkiye,17.92707877797984,2021,9
turkiye,18.35620276793393,2021,10
turkiye,19.00083119208167,2021,11
turkiye,21.5802873278892,2021,12
turkiye,23.97659610927269,2022,1
turkiye,25.1295134175681,2022,2
turkiye,26.5026473561401,2022,3
turkiye,28.42365262595657,2022,4
turkiye,29.27090548167121,2022,5
turkiye,30.72037699678702,2022,6
turkiye,31.44699763277811,2022,7
turkiye,31.90627967766309,2022,8
turkiye,32.88767304853908,2022,9
turkiye,34.05347035946122,2022,10
turkiye,35.03549202314827,2022,11
turkiye,35.44985113204245,2022,12
turkiye,37.80689161273468,2023,1
turkiye,38.99593575766605,2023,2
turkiye,39.88873984218256,2023,3
turkiye,40.84028930453318,2023,4
turkiye,40.85788150324287,2023,5
turkiye,42.45971402504077,2023,6
turkiye,46.48864167596411,2023,7
turkiye,50.71296839112717,2023,8
turkiye,53.12341376075951,2023,9
turkiye,54.94766193767271,2023,10
turkiye,56.75054815900987,2023,11
turkiye,58.41175435145296,2023,12
turkiye,62.32727514997994,2024,1
turkiye,65.1501947500733,2024,2
turkiye,67.21068102394511,2024,3
turkiye,69.3478190207663,2024,4
turkiye,71.68349754588247,2024,5
turkiye,72.85966168818712,2024,6
turkiye,75.20979094795767,2024,7
turkiye,77.0707942543179,2024,8
turkiye,79.35840837938798,2024,9
turkiye,81.64382347961936,2024,10
turkiye,83.4759253166708,2024,11
turkiye,84.334173296579,2024,12
turkiye,88.57829123529045,2025,1
turkiye,90.5919696947383,2025,2
turkiye,92.82052429556872,2025,3
turkiye,95.6019765701321,2025,4
turkiye,97.06307150225251,2025,5
turkiye,98.39599470091666,2025,6
turkiye,100.4219248701802,2025,7
turkiye,102.4657613845589,2025,8
turkiye,105.7800059629013,2025,9
turkiye,108.4775811471882,2025,10
turkiye,109.4159364605065,2025,11
turkiye,110.386963,2025,12
turkiye,115.73,2026,1
turkiye,119.16,2026,2
united_states,90.94015055800014,2006,1
united_states,91.1235900951822,2006,2
united_states,91.62804882243282,2006,3
united_states,92.40766685545653,2006,4
united_states,92.86626569841164,2006,5
united_states,93.04970523559369,2006,6
united_states,93.32486454136676,2006,7
united_states,93.5083040785488,2006,8
united_states,93.04970523559369,2006,9
united_states,92.54524650834306,2006,10
united_states,92.40766685545653,2006,11
united_states,92.54524650834306,2006,12
united_states,92.8277433956034,2007,1
united_states,93.3244059425238,2007,2
united_states,94.17418959851965,2007,3
united_states,94.78596045502177,2007,4
united_states,95.36517079367408,2007,5
united_states,95.549986127385,2007,6
united_states,95.52568038870837,2007,7
united_states,95.35049563069953,2007,8
united_states,95.6132727677128,2007,9
united_states,95.81780785167079,2007,10
united_states,96.3869290157781,2007,11
united_states,96.32226657892141,2007,12
united_states,96.80104377096656,2008,1
united_states,97.08216486169805,2008,2
united_states,97.92369373852068,2008,3
united_states,98.51757924014757,2008,4
united_states,99.34718454705337,2008,5
united_states,100.3483058212244,2008,6
united_states,100.8752358917798,2008,7
united_states,100.4725861076652,2008,8
united_states,100.3336306582498,2008,9
united_states,99.32012721531903,2008,10
united_states,97.4178592147412,2008,11
united_states,96.4103175567688,2008,12
united_states,96.82993549807273,2009,1
united_states,97.31146428317561,2009,2
united_states,97.54810128614045,2009,3
united_states,97.79161727174962,2009,4
united_states,98.07411415900997,2009,5
united_states,98.91656023351852,2009,6
united_states,98.75971942922787,2009,7
united_states,98.9812226703752,2009,8
united_states,99.04313351417414,2009,9
united_states,99.1385220735088,2009,10
united_states,99.20868769648094,2009,11
united_states,99.03396153731504,2009,12
united_states,99.37240748341591,2010,1
united_states,99.39717182093548,2010,2
united_states,99.80532479116555,2010,3
united_states,99.97867515380258,2010,4
united_states,100.056178358262,2010,5
united_states,99.95849680471257,2010,6
united_states,99.97959235148849,2010,7
united_states,100.117630603218,2010,8
united_states,100.1758726562733,2010,9
united_states,100.3006115415571,2010,10
united_states,100.3428026351089,2010,11
united_states,100.5152358000601,2010,12
united_states,100.9940129921052,2011,1
united_states,101.4920513355545,2011,2
united_states,102.4817076386516,2011,3
united_states,103.141631373664,2011,4
united_states,103.6268289495106,2011,5
united_states,103.5158480295154,2011,6
united_states,103.6075677981064,2011,7
united_states,103.8932748772675,2011,8
united_states,104.051032879244,2011,9
united_states,103.836408620741,2011,10
united_states,103.7488162417366,2011,11
united_states,103.4929180873677,2011,12
united_states,103.9483067384221,2012,1
united_states,104.4059883836913,2012,2
united_states,105.1989057831607,2012,3
united_states,105.5167147813286,2012,4
united_states,105.3928930937307,2012,5
united_states,105.2383452836548,2012,6
united_states,105.0668293163896,2012,7
united_states,105.6515428411574,2012,8
united_states,106.1229824517153,2012,9
united_states,106.0817085558493,2012,10
united_states,105.5790842239705,2012,11
united_states,105.2947529413383,2012,12
united_states,105.6061415557048,2013,1
united_states,106.4710589735182,2013,2
united_states,106.749428471192,2013,3
united_states,106.6384475511968,2013,4
united_states,106.8283074721802,2013,5
united_states,107.0846642253922,2013,6
united_states,107.126855318944,2013,7
united_states,107.2557215938144,2013,8
united_states,107.3804604790982,2013,9
united_states,107.1039253767963,2013,10
united_states,106.8851737287067,2013,11
united_states,106.8760017518476,2013,12
united_states,107.2736069486897,2014,1
united_states,107.6702949478458,2014,2
united_states,108.363696398394,2014,3
united_states,108.720944897056,2014,4
united_states,109.1006647390229,2014,5
united_states,109.303824026452,2014,6
united_states,109.2611743340571,2014,7
united_states,109.078651994561,2014,8
united_states,109.16074118745,2014,9
united_states,108.8864990793628,2014,10
united_states,108.2985753626944,2014,11
united_states,107.6845115119774,2014,12
united_states,107.177759790512,2015,1
united_states,107.6432376161115,2015,2
united_states,108.2839001997198,2015,3
united_states,108.5040276443382,2015,4
united_states,109.0570978489421,2015,5
united_states,109.4391106851237,2015,6
united_states,109.446448266611,2015,7
united_states,109.2914418576922,2015,8
united_states,109.1213016869558,2015,9
united_states,109.0722316107596,2015,10
united_states,108.8420149915962,2015,11
united_states,108.4700913299596,2015,12
united_states,108.649403477555,2016,1
united_states,108.7388302519313,2016,2
united_states,109.2070596705884,2016,3
united_states,109.7248177642848,2016,4
united_states,110.1687414442653,2016,5
united_states,110.5305759313569,2016,6
united_states,110.3517223826044,2016,7
united_states,110.4530727268975,2016,8
united_states,110.7186014569685,2016,9
united_states,110.856639708698,2016,10
united_states,110.6842065437469,2016,11
united_states,110.7204358523403,2016,12
united_states,111.3656844243782,2017,1
united_states,111.7160539403959,2017,2
united_states,111.806856511301,2017,3
united_states,112.1384234747576,2017,4
united_states,112.2342706329352,2017,5
united_states,112.3360795760712,2017,6
united_states,112.2585763716118,2017,7
united_states,112.5947293234979,2017,8
united_states,113.1909078193396,2017,9
united_states,113.1193663998386,2017,10
united_states,113.1221179928963,2017,11
united_states,113.0556211606678,2017,12
united_states,113.6715194067565,2018,1
united_states,114.1869845062381,2018,2
united_states,114.4451756548218,2018,3
united_states,114.9001057070333,2018,4
united_states,115.3779657013925,2018,5
united_states,115.5618638374175,2018,6
united_states,115.5696600177478,2018,7
united_states,115.6338638557615,2018,8
united_states,115.7682333167473,2018,9
united_states,115.9727684007053,2018,10
united_states,115.5843351807223,2018,11
united_states,115.2151631121435,2018,12
united_states,115.434831957919,2019,1
united_states,115.9227811268232,2019,2
united_states,116.5767430768772,2019,3
united_states,117.1940171194948,2019,4
united_states,117.4434948900624,2019,5
united_states,117.4668834310531,2019,6
united_states,117.6631637358379,2019,7
united_states,117.6572019508795,2019,8
united_states,117.7493803183135,2019,9
united_states,118.0185778391281,2019,10
united_states,117.9552911988003,2019,11
united_states,117.8479790695488,2019,12
united_states,118.3052021159751,2020,1
united_states,118.6294314979443,2020,2
united_states,118.3712403493606,2020,3
united_states,117.5796987464201,2020,4
united_states,117.5819917406348,2020,5
united_states,118.2254059173009,2020,6
united_states,118.8234188085143,2020,7
united_states,119.1980940632087,2020,8
united_states,119.3641068443584,2020,9
united_states,119.4136355193976,2020,10
united_states,119.3407183033677,2020,11
united_states,119.4530750198917,2020,12
united_states,119.961202537886,2021,1
united_states,120.6179160809977,2021,2
united_states,121.4722857254231,2021,3
united_states,122.4706554065364,2021,4
united_states,123.4525155293033,2021,5
united_states,124.5994712355341,2021,6
united_states,125.1988599232764,2021,7
united_states,125.4575096707031,2021,8
united_states,125.7982486110187,2021,9
united_states,126.8433953741135,2021,10
united_states,127.4666312016895,2021,11
united_states,127.8582746135731,2021,12
united_states,128.9341474991459,2022,1
united_states,130.1118293278546,2022,2
united_states,131.8490017449686,2022,3
united_states,132.5850528879116,2022,4
united_states,134.0466074004095,2022,5
united_states,135.8878817548743,2022,6
united_states,135.8718307953709,2022,7
united_states,135.8236779168606,2022,8
united_states,136.115805379823,2022,9
united_states,136.667958386741,2022,10
united_states,136.5299201350115,2022,11
united_states,136.1107607925505,2022,12
united_states,137.199015846883,2023,1
united_states,137.9648759146181,2023,2
united_states,138.4216403622014,2023,3
united_states,139.1219207953938,2023,4
united_states,139.4722903114115,2023,5
united_states,139.9226343751935,2023,6
united_states,140.1895389017933,2023,7
united_states,140.8017683571384,2023,8
united_states,141.1516792743132,2023,9
united_states,141.0975646108445,2023,10
united_states,140.8132333282123,2023,11
united_states,140.673360681111,2023,12
united_states,141.439679347689,2024,1
united_states,142.3151445388903,2024,2
united_states,143.2350938178583,2024,3
united_states,143.7927500108917,2024,4
united_states,144.0316800080713,2024,5
united_states,144.0802914854246,2024,6
united_states,144.2476800631032,2024,7
united_states,144.3650813668997,2024,8
united_states,144.596673782592,2024,9
united_states,144.7631451625847,2024,10
united_states,144.6847247604394,2024,11
united_states,144.7360878308504,2024,12
united_states,145.6835530403957,2025,1
united_states,146.3306360078053,2025,2
united_states,146.6594513782042,2025,3
united_states,147.1162158257875,2025,4
united_states,147.4234770505674,2025,5
united_states,147.9261013824462,2025,6
united_states,148.1494390189653,2025,7
united_states,148.5750187452277,2025,8
united_states,148.9529041918227,2025,9
united_states,148.6419741762991,2025,11
united_states,148.6107894549782,2025,12
united_states,149.1601908688384,2026,1
united_states,149.8632228950886,2026,2
south_africa,36.70425,2006,1
south_africa,36.75245,2006,2
south_africa,36.86199,2006,3
south_africa,36.94962,2006,4
south_africa,37.08983,2006,5
south_africa,37.36149,2006,6
south_africa,37.62,2006,7
south_africa,37.87851,2006,8
south_africa,37.97491,2006,9
south_africa,38.17646,2006,10
south_africa,38.17646,2006,11
south_africa,38.32543,2006,12
south_africa,38.60585,2007,1
south_africa,38.55765,2007,2
south_africa,38.82493,2007,3
south_africa,39.15354,2007,4
south_africa,39.33319,2007,5
south_africa,39.61361,2007,6
south_africa,39.95537,2007,7
south_africa,40.2095,2007,8
south_africa,40.43734,2007,9
south_africa,40.80977,2007,10
south_africa,40.93684,2007,11
south_africa,41.22602,2007,12
south_africa,41.8,2008,1
south_africa,41.9,2008,2
south_africa,42.5,2008,3
south_africa,42.8,2008,4
south_africa,43.1,2008,5
south_africa,43.7,2008,6
south_africa,44.4,2008,7
south_africa,44.7,2008,8
south_africa,44.9,2008,9
south_africa,45.1,2008,10
south_africa,45.1,2008,11
south_africa,45.0,2008,12
south_africa,45.3,2009,1
south_africa,45.7,2009,2
south_africa,46.4,2009,3
south_africa,46.6,2009,4
south_africa,46.7,2009,5
south_africa,46.9,2009,6
south_africa,47.3,2009,7
south_africa,47.5,2009,8
south_africa,47.6,2009,9
south_africa,47.6,2009,10
south_africa,47.6,2009,11
south_africa,47.8,2009,12
south_africa,47.9,2010,1
south_africa,48.2,2010,2
south_africa,48.6,2010,3
south_africa,48.6,2010,4
south_africa,48.7,2010,5
south_africa,48.7,2010,6
south_africa,49.1,2010,7
south_africa,49.1,2010,8
south_africa,49.1,2010,9
south_africa,49.2,2010,10
south_africa,49.3,2010,11
south_africa,49.4,2010,12
south_africa,49.7,2011,1
south_africa,49.9,2011,2
south_africa,50.5,2011,3
south_africa,50.7,2011,4
south_africa,50.9,2011,5
south_africa,51.2,2011,6
south_africa,51.6,2011,7
south_africa,51.6,2011,8
south_africa,52.0,2011,9
south_africa,52.3,2011,10
south_africa,52.3,2011,11
south_africa,52.5,2011,12
south_africa,52.7,2012,1
south_africa,53.0,2012,2
south_africa,53.6,2012,3
south_africa,53.9,2012,4
south_africa,53.9,2012,5
south_africa,54.1,2012,6
south_africa,54.1,2012,7
south_africa,54.4,2012,8
south_africa,54.8,2012,9
south_africa,55.2,2012,10
south_africa,55.3,2012,11
south_africa,55.5,2012,12
south_africa,55.7,2013,1
south_africa,56.2,2013,2
south_africa,56.9,2013,3
south_africa,57.0,2013,4
south_africa,56.9,2013,5
south_africa,57.0,2013,6
south_africa,57.6,2013,7
south_africa,57.8,2013,8
south_africa,58.1,2013,9
south_africa,58.2,2013,10
south_africa,58.3,2013,11
south_africa,58.4,2013,12
south_africa,58.8,2014,1
south_africa,59.5,2014,2
south_africa,60.2,2014,3
south_africa,60.6,2014,4
south_africa,60.7,2014,5
south_africa,60.9,2014,6
south_africa,61.4,2014,7
south_africa,61.6,2014,8
south_africa,61.6,2014,9
south_africa,61.7,2014,10
south_africa,61.7,2014,11
south_africa,61.6,2014,12
south_africa,61.5,2015,1
south_africa,61.9,2015,2
south_africa,62.7,2015,3
south_africa,63.3,2015,4
south_africa,63.4,2015,5
south_africa,63.7,2015,6
south_africa,64.3,2015,7
south_africa,64.3,2015,8
south_africa,64.3,2015,9
south_africa,64.5,2015,10
south_africa,64.6,2015,11
south_africa,64.8,2015,12
south_africa,65.3,2016,1
south_africa,66.2,2016,2
south_africa,66.8,2016,3
south_africa,67.4,2016,4
south_africa,67.5,2016,5
south_africa,67.9,2016,6
south_africa,68.5,2016,7
south_africa,68.4,2016,8
south_africa,68.5,2016,9
south_africa,68.8,2016,10
south_africa,69.1,2016,11
south_africa,69.3,2016,12
south_africa,69.8,2017,1
south_africa,70.5,2017,2
south_africa,70.9,2017,3
south_africa,71.0,2017,4
south_africa,71.1,2017,5
south_africa,71.3,2017,6
south_africa,71.4,2017,7
south_africa,71.5,2017,8
south_africa,71.8,2017,9
south_africa,72.1,2017,10
south_africa,72.1,2017,11
south_africa,72.4,2017,12
south_africa,72.8,2018,1
south_africa,73.2,2018,2
south_africa,73.5,2018,3
south_africa,74.0,2018,4
south_africa,74.2,2018,5
south_africa,74.4,2018,6
south_africa,75.0,2018,7
south_africa,74.9,2018,8
south_africa,75.3,2018,9
south_africa,75.7,2018,10
south_africa,75.8,2018,11
south_africa,75.7,2018,12
south_africa,75.6,2019,1
south_africa,76.2,2019,2
south_africa,76.8,2019,3
south_africa,77.2,2019,4
south_africa,77.5,2019,5
south_africa,77.7,2019,6
south_africa,78.0,2019,7
south_africa,78.2,2019,8
south_africa,78.4,2019,9
south_africa,78.4,2019,10
south_africa,78.5,2019,11
south_africa,78.7,2019,12
south_africa,78.9,2020,1
south_africa,79.6,2020,2
south_africa,80.0,2020,3
south_africa,79.5,2020,4
south_africa,79.0,2020,5
south_africa,79.4,2020,6
south_africa,80.5,2020,7
south_africa,80.6,2020,8
south_africa,80.7,2020,9
south_africa,81.0,2020,10
south_africa,81.0,2020,11
south_africa,81.1,2020,12
south_africa,81.4,2021,1
south_africa,82.0,2021,2
south_africa,82.5,2021,3
south_africa,83.1,2021,4
south_africa,83.2,2021,5
south_africa,83.4,2021,6
south_africa,84.3,2021,7
south_africa,84.6,2021,8
south_africa,84.8,2021,9
south_africa,85.1,2021,10
south_africa,85.4,2021,11
south_africa,85.9,2021,12
south_africa,86.1,2022,1
south_africa,86.6,2022,2
south_africa,87.5,2022,3
south_africa,88.1,2022,4
south_africa,88.7,2022,5
south_africa,89.6,2022,6
south_africa,91.1,2022,7
south_africa,91.3,2022,8
south_africa,91.4,2022,9
south_africa,91.7,2022,10
south_africa,92.0,2022,11
south_africa,92.4,2022,12
south_africa,92.3,2023,1
south_africa,93.0,2023,2
south_africa,93.9,2023,3
south_africa,94.3,2023,4
south_africa,94.5,2023,5
south_africa,94.7,2023,6
south_africa,95.4,2023,7
south_africa,95.7,2023,8
south_africa,96.4,2023,9
south_africa,97.3,2023,10
south_africa,97.2,2023,11
south_africa,97.2,2023,12
south_africa,97.3,2024,1
south_africa,98.1,2024,2
south_africa,98.9,2024,3
south_africa,99.1,2024,4
south_africa,99.3,2024,5
south_africa,99.4,2024,6
south_africa,99.8,2024,7
south_africa,99.9,2024,8
south_africa,100.0,2024,9
south_africa,100.0,2024,10
south_africa,99.9,2024,11
south_africa,100.0,2024,12
south_africa,100.3,2025,1
south_africa,101.2,2025,2
south_africa,101.6,2025,3
south_africa,101.9,2025,4
south_africa,102.1,2025,5
south_africa,102.4,2025,6
south_africa,103.3,2025,7
south_africa,103.2,2025,8
south_africa,103.4,2025,9
south_africa,103.5,2025,10
south_africa,103.4,2025,11
south_africa,103.6,2025,12
south_africa,103.8,2026,1
south_africa,104.2,2026,2
